Community	Subject	Topic	Room	Channel	Source	Target	Time	Finish Time	Duration	Event Type	Event
Spring 2013 Whitehead	Dynamic Geometry	Topic 05	Session 5_1	CID:1362920846354	JSCcrews620	Ayanna529	0:00:26	18:02.2		system	2013-03-13 13:18:02.177 - JSCcrews620 -> joins the room
Spring 2013 Whitehead	Dynamic Geometry	Topic 05	Session 5_1	CID:1362920846354	Nyamekye Ghanian Queen	JSCcrews620	0:00:15	18:18.1		system	2013-03-13 13:18:18.140 - Nyamekye Ghanian Queen -> joins the room
Spring 2013 Whitehead	Dynamic Geometry	Topic 05	Session 5_1	CID:1362920846354	gabyyy_xoxo	Nyamekye Ghanian Queen	0:01:06	19:25.1		system	2013-03-13 13:19:25.111 - gabyyy_xoxo -> joins the room
Spring 2013 Whitehead	Dynamic Geometry	Topic 05	Session 5_1	CID:1362920846354	JSCcrews620	gabyyy_xoxo	0:00:10	22:05.7	0:00:10	chat	2013-03-13 13:22:05.732 - JSCcrews620 -> we could do alphabetical order
Spring 2013 Whitehead	Dynamic Geometry	Topic 05	Session 5_1	CID:1362920846354	Ayanna529	JSCcrews620	0:00:05	22:18.4	0:00:05	chat	2013-03-13 13:22:18.425 - Ayanna529 -> Good Thinking girl. :)
Spring 2013 Whitehead	Dynamic Geometry	Topic 05	Session 5_1	CID:1362920846354	gabyyy_xoxo	Ayanna529	0:00:08	22:36.7	0:00:08	awareness	2013-03-13 13:22:36.712 - gabyyy_xoxo -> [fully erased the chat message]
Spring 2013 Whitehead	Dynamic Geometry	Topic 05	Session 5_1	CID:1362920846354	Ayanna529	gabyyy_xoxo	0:00:15	23:39.9	0:00:15	chat	2013-03-13 13:23:39.864 - Ayanna529 -> I'm first, Than Jaki, Than Gabu Than Nyamekye.
Spring 2013 Whitehead	Dynamic Geometry	Topic 05	Session 5_1	CID:1362920846354	Ayanna529	Ayanna529	0:00:02	23:44.3	0:00:02	chat	2013-03-13 13:23:44.302 - Ayanna529 -> Gaby*
Spring 2013 Whitehead	Dynamic Geometry	Topic 05	Session 5_1	CID:1362920846354	Ayanna529	Ayanna529	0:00:10	24:17.8	0:00:10	chat	2013-03-13 13:24:17.812 - Ayanna529 -> Alphebetical order with last names.
Spring 2013 Whitehead	Dynamic Geometry	Topic 05	Session 5_1	CID:1362920846354	JSCcrews620	Ayanna529	0:00:09	24:22.9	0:00:09	awareness	2013-03-13 13:24:22.885 - JSCcrews620 -> [fully erased the chat message]
Spring 2013 Whitehead	Dynamic Geometry	Topic 05	Session 5_1	CID:1362920846354	JSCcrews620	JSCcrews620	0:00:00	24:24.1	0:00:00	chat	2013-03-13 13:24:24.076 - JSCcrews620 -> kk
Spring 2013 Whitehead	Dynamic Geometry	Topic 05	Session 5_1	CID:1362920846354	Nyamekye Ghanian Queen	JSCcrews620	0:00:00	24:26.6	0:00:00	chat	2013-03-13 13:24:26.633 - Nyamekye Ghanian Queen -> okay
Spring 2013 Whitehead	Dynamic Geometry	Topic 05	Session 5_1	CID:1362920846354	gabyyy_xoxo	Nyamekye Ghanian Queen	0:00:01	24:31.3	0:00:01	chat	2013-03-13 13:24:31.253 - gabyyy_xoxo -> kaay
Spring 2013 Whitehead	Dynamic Geometry	Topic 05	Session 5_1	CID:1362920846354	Ayanna529	gabyyy_xoxo	0:00:17	26:20.7	0:00:17	chat	2013-03-13 13:26:20.667 - Ayanna529 ->  I'm the timer.
Spring 2013 Whitehead	Dynamic Geometry	Topic 05	Session 5_1	CID:1362920846354	JSCcrews620	Ayanna529	0:00:04	26:11.6	0:00:04	chat	2013-03-13 13:26:11.585 - JSCcrews620 -> i'm controller
Spring 2013 Whitehead	Dynamic Geometry	Topic 05	Session 5_1	CID:1362920846354	Nyamekye Ghanian Queen	JSCcrews620	0:00:06	26:17.7	0:00:06	chat	2013-03-13 13:26:17.708 - Nyamekye Ghanian Queen -> So i am the summarizer
Spring 2013 Whitehead	Dynamic Geometry	Topic 05	Session 5_1	CID:1362920846354	gabyyy_xoxo	Nyamekye Ghanian Queen	0:00:08	26:30.9	0:00:08	chat	2013-03-13 13:26:30.852 - gabyyy_xoxo -> im the facilitator
Spring 2013 Whitehead	Dynamic Geometry	Topic 05	Session 5_1	CID:1362920846354	Nyamekye Ghanian Queen	gabyyy_xoxo	0:00:20	26:55.0	0:00:20	awareness	2013-03-13 13:26:55.012 - Nyamekye Ghanian Queen -> [fully erased the chat message]
Spring 2013 Whitehead	Dynamic Geometry	Topic 05	Session 5_1	CID:1362920846354	Ayanna529	Nyamekye Ghanian Queen	0:00:08	26:46.8	0:00:08	chat	2013-03-13 13:26:46.793 - Ayanna529 -> Alright let's get started.
Spring 2013 Whitehead	Dynamic Geometry	Topic 05	Session 5_1	CID:1362920846354	gabyyy_xoxo	Ayanna529	0:00:01	26:46.1	0:00:01	awareness	2013-03-13 13:26:46.114 - gabyyy_xoxo -> [fully erased the chat message]
Spring 2013 Whitehead	Dynamic Geometry	Topic 05	Session 5_1	CID:1362920846354	JSCcrews620	gabyyy_xoxo	0:00:03	26:56.7	0:00:03	chat	2013-03-13 13:26:56.711 - JSCcrews620 -> so then i go?
Spring 2013 Whitehead	Dynamic Geometry	Topic 05	Session 5_1	CID:1362920846354	Nyamekye Ghanian Queen	JSCcrews620	0:00:01	27:00.6	0:00:01	chat	2013-03-13 13:27:00.574 - Nyamekye Ghanian Queen -> Yes
Spring 2013 Whitehead	Dynamic Geometry	Topic 05	Session 5_1	CID:1362920846354	Ayanna529	Nyamekye Ghanian Queen	0:00:01	27:03.8	0:00:01	chat	2013-03-13 13:27:03.783 - Ayanna529 -> Yes.
Spring 2013 Whitehead	Dynamic Geometry	Topic 05	Session 5_1	CID:1362920846354	JSCcrews620	Ayanna529	0:00:01	27:05.3		Geogebra:GeoGebra	2013-03-13 13:27:05.271 - JSCcrews620 -> tool changed to Move
Spring 2013 Whitehead	Dynamic Geometry	Topic 05	Session 5_1	CID:1362920846354	JSCcrews620	JSCcrews620	0:00:03	27:08.6		Geogebra:GeoGebra	2013-03-13 13:27:08.574 - JSCcrews620 -> tool changed to New Point
Spring 2013 Whitehead	Dynamic Geometry	Topic 05	Session 5_1	CID:1362920846354	JSCcrews620	JSCcrews620	0:00:01	27:09.8		Geogebra:GeoGebra	2013-03-13 13:27:09.816 - JSCcrews620 -> added point:Point A
Spring 2013 Whitehead	Dynamic Geometry	Topic 05	Session 5_1	CID:1362920846354	JSCcrews620	JSCcrews620	0:00:07	27:17.5		Geogebra:GeoGebra	2013-03-13 13:27:17.514 - JSCcrews620 -> added point:Point B
Spring 2013 Whitehead	Dynamic Geometry	Topic 05	Session 5_1	CID:1362920846354	JSCcrews620	JSCcrews620	0:00:12	27:29.6		Geogebra:GeoGebra	2013-03-13 13:27:29.606 - JSCcrews620 -> tool changed to Move
Spring 2013 Whitehead	Dynamic Geometry	Topic 05	Session 5_1	CID:1362920846354	Ayanna529	JSCcrews620	0:00:25	27:57.6	0:00:25	chat	2013-03-13 13:27:57.599 - Ayanna529 -> Each part should take about 10-12 minutes.
Spring 2013 Whitehead	Dynamic Geometry	Topic 05	Session 5_1	CID:1362920846354	JSCcrews620	Ayanna529	0:0:-23	27:34.1		Geogebra:GeoGebra	2013-03-13 13:27:34.120 - JSCcrews620 -> updated Point B
Spring 2013 Whitehead	Dynamic Geometry	Topic 05	Session 5_1	CID:1362920846354	JSCcrews620	JSCcrews620	0:00:09	27:43.4		Geogebra:GeoGebra	2013-03-13 13:27:43.409 - JSCcrews620 -> tool changed to Line through Two Points
Spring 2013 Whitehead	Dynamic Geometry	Topic 05	Session 5_1	CID:1362920846354	JSCcrews620	JSCcrews620	0:00:02	27:45.6		Geogebra:GeoGebra	2013-03-13 13:27:45.644 - JSCcrews620 -> tool changed to Segment between Two Points
Spring 2013 Whitehead	Dynamic Geometry	Topic 05	Session 5_1	CID:1362920846354	JSCcrews620	JSCcrews620	0:00:01	27:47.6		Geogebra:GeoGebra	2013-03-13 13:27:47.588 - JSCcrews620 -> added segment a
Spring 2013 Whitehead	Dynamic Geometry	Topic 05	Session 5_1	CID:1362920846354	JSCcrews620	JSCcrews620	0:00:06	27:53.9		Geogebra:GeoGebra	2013-03-13 13:27:53.925 - JSCcrews620 -> tool changed to New Point
Spring 2013 Whitehead	Dynamic Geometry	Topic 05	Session 5_1	CID:1362920846354	JSCcrews620	JSCcrews620	0:00:00	27:54.5		Geogebra:GeoGebra	2013-03-13 13:27:54.524 - JSCcrews620 -> tool changed to Move
Spring 2013 Whitehead	Dynamic Geometry	Topic 05	Session 5_1	CID:1362920846354	JSCcrews620	JSCcrews620	0:00:04	27:58.6		Geogebra:GeoGebra	2013-03-13 13:27:58.633 - JSCcrews620 -> updated Point B
Spring 2013 Whitehead	Dynamic Geometry	Topic 05	Session 5_1	CID:1362920846354	JSCcrews620	JSCcrews620	0:00:03	28:02.6		Geogebra:GeoGebra	2013-03-13 13:28:02.599 - JSCcrews620 -> tool changed to Move Graphics View
Spring 2013 Whitehead	Dynamic Geometry	Topic 05	Session 5_1	CID:1362920846354	JSCcrews620	JSCcrews620	0:00:05	28:10.3	0:00:05	chat	2013-03-13 13:28:10.305 - JSCcrews620 -> ok facilitator
Spring 2013 Whitehead	Dynamic Geometry	Topic 05	Session 5_1	CID:1362920846354	gabyyy_xoxo	JSCcrews620	0:00:06	28:27.6	0:00:06	chat	2013-03-13 13:28:27.630 - gabyyy_xoxo -> i don't see what you did
Spring 2013 Whitehead	Dynamic Geometry	Topic 05	Session 5_1	CID:1362920846354	Ayanna529	gabyyy_xoxo	0:00:13	28:49.3	0:00:13	chat	2013-03-13 13:28:49.266 - Ayanna529 -> You don't see any points and a line segment?
Spring 2013 Whitehead	Dynamic Geometry	Topic 05	Session 5_1	CID:1362920846354	JSCcrews620	Ayanna529	0:00:11	29:00.6		Geogebra:GeoGebra	2013-03-13 13:29:00.554 - JSCcrews620 -> tool changed to Move
Spring 2013 Whitehead	Dynamic Geometry	Topic 05	Session 5_1	CID:1362920846354	JSCcrews620	JSCcrews620	0:00:02	29:03.2		Geogebra:GeoGebra	2013-03-13 13:29:03.233 - JSCcrews620 -> updated group of objects A,B
Spring 2013 Whitehead	Dynamic Geometry	Topic 05	Session 5_1	CID:1362920846354	gabyyy_xoxo	JSCcrews620	0:00:03	29:09.0	0:00:03	chat	2013-03-13 13:29:09.039 - gabyyy_xoxo -> nvm i found it!
Spring 2013 Whitehead	Dynamic Geometry	Topic 05	Session 5_1	CID:1362920846354	JSCcrews620	gabyyy_xoxo	0:0:-2	29:06.1		Geogebra:GeoGebra	2013-03-13 13:29:06.145 - JSCcrews620 -> updated Point A
Spring 2013 Whitehead	Dynamic Geometry	Topic 05	Session 5_1	CID:1362920846354	JSCcrews620	JSCcrews620	0:00:02	29:08.9		Geogebra:GeoGebra	2013-03-13 13:29:08.935 - JSCcrews620 -> tool changed to Move Graphics View
Spring 2013 Whitehead	Dynamic Geometry	Topic 05	Session 5_1	CID:1362920846354	gabyyy_xoxo	JSCcrews620	0:00:36	29:46.4	0:00:36	chat	2013-03-13 13:29:46.444 - gabyyy_xoxo -> so what was the difference between moving Point A and point B both before and after they were part of a line segment?
Spring 2013 Whitehead	Dynamic Geometry	Topic 05	Session 5_1	CID:1362920846354	Ayanna529	gabyyy_xoxo	0:00:03	29:15.4	0:00:03	chat	2013-03-13 13:29:15.421 - Ayanna529 -> Alright. 
Spring 2013 Whitehead	Dynamic Geometry	Topic 05	Session 5_1	CID:1362920846354	JSCcrews620	Ayanna529	0:00:10	29:27.7	0:00:10	awareness	2013-03-13 13:29:27.738 - JSCcrews620 -> [fully erased the chat message]
Spring 2013 Whitehead	Dynamic Geometry	Topic 05	Session 5_1	CID:1362920846354	JSCcrews620	JSCcrews620	0:00:16	30:01.2	0:00:16	awareness	2013-03-13 13:30:01.181 - JSCcrews620 -> [fully erased the chat message]
Spring 2013 Whitehead	Dynamic Geometry	Topic 05	Session 5_1	CID:1362920846354	JSCcrews620	JSCcrews620	0:00:28	31:03.6	0:00:28	awareness	2013-03-13 13:31:03.630 - JSCcrews620 -> [fully erased the chat message]
Spring 2013 Whitehead	Dynamic Geometry	Topic 05	Session 5_1	CID:1362920846354	Nyamekye Ghanian Queen	JSCcrews620	0:00:55	32:02.1	0:00:55	chat	2013-03-13 13:32:02.142 - Nyamekye Ghanian Queen -> when it was just points the point moved freely and they were not connected at all. But when we put a line segment between them both of the points moved together in unison
Spring 2013 Whitehead	Dynamic Geometry	Topic 05	Session 5_1	CID:1362920846354	JSCcrews620	Nyamekye Ghanian Queen	0:0:-54	31:07.6		Geogebra:GeoGebra	2013-03-13 13:31:07.609 - JSCcrews620 -> tool changed to Move
Spring 2013 Whitehead	Dynamic Geometry	Topic 05	Session 5_1	CID:1362920846354	Ayanna529	JSCcrews620	0:01:28	32:53.1	0:01:28	chat	2013-03-13 13:32:53.128 - Ayanna529 -> When They were just points they could move where ever they would like and not that they are apart of a line segment , they are connected together. The further apart you move a point the longer the  segment and the closer you move the points together the smallet the segment gets.
Spring 2013 Whitehead	Dynamic Geometry	Topic 05	Session 5_1	CID:1362920846354	JSCcrews620	Ayanna529	0:-1:-24	31:28.4		Geogebra:GeoGebra	2013-03-13 13:31:28.439 - JSCcrews620 -> updated Point A
Spring 2013 Whitehead	Dynamic Geometry	Topic 05	Session 5_1	CID:1362920846354	JSCcrews620	JSCcrews620	0:01:04	32:41.1	0:01:04	chat	2013-03-13 13:32:41.059 - JSCcrews620 -> when you move the points as a segment, they stay a segment no matter which points you move. When they weren't a segment they moved separately because there was nothin connecting them.
Spring 2013 Whitehead	Dynamic Geometry	Topic 05	Session 5_1	CID:1362920846354	JSCcrews620	JSCcrews620	0:0:-12	32:28.5		Geogebra:GeoGebra	2013-03-13 13:32:28.495 - JSCcrews620 -> tool changed to Move Graphics View
Spring 2013 Whitehead	Dynamic Geometry	Topic 05	Session 5_1	CID:1362920846354	Nyamekye Ghanian Queen	JSCcrews620	0:00:08	33:35.0	0:00:08	chat	2013-03-13 13:33:34.972 - Nyamekye Ghanian Queen -> awesome 
Spring 2013 Whitehead	Dynamic Geometry	Topic 05	Session 5_1	CID:1362920846354	JSCcrews620	Nyamekye Ghanian Queen	0:00:03	33:30.9	0:00:03	chat	2013-03-13 13:33:30.852 - JSCcrews620 -> so number 5
Spring 2013 Whitehead	Dynamic Geometry	Topic 05	Session 5_1	CID:1362920846354	Ayanna529	JSCcrews620	0:00:07	33:38.3	0:00:07	chat	2013-03-13 13:33:38.316 - Ayanna529 -> Jaki, now do number five please.
Spring 2013 Whitehead	Dynamic Geometry	Topic 05	Session 5_1	CID:1362920846354	JSCcrews620	Ayanna529	0:00:56	34:35.3		Geogebra:GeoGebra	2013-03-13 13:34:35.259 - JSCcrews620 -> tool changed to Move
Spring 2013 Whitehead	Dynamic Geometry	Topic 05	Session 5_1	CID:1362920846354	JSCcrews620	JSCcrews620	0:00:01	34:36.9		Geogebra:GeoGebra	2013-03-13 13:34:36.903 - JSCcrews620 -> tool changed to New Point
Spring 2013 Whitehead	Dynamic Geometry	Topic 05	Session 5_1	CID:1362920846354	JSCcrews620	JSCcrews620	0:00:04	34:41.1		Geogebra:GeoGebra	2013-03-13 13:34:41.069 - JSCcrews620 -> added point:Point C
Spring 2013 Whitehead	Dynamic Geometry	Topic 05	Session 5_1	CID:1362920846354	JSCcrews620	JSCcrews620	0:00:00	34:41.8		Geogebra:GeoGebra	2013-03-13 13:34:41.823 - JSCcrews620 -> added point:Point D
Spring 2013 Whitehead	Dynamic Geometry	Topic 05	Session 5_1	CID:1362920846354	JSCcrews620	JSCcrews620	0:00:01	34:43.1		Geogebra:GeoGebra	2013-03-13 13:34:43.133 - JSCcrews620 -> tool changed to Segment between Two Points
Spring 2013 Whitehead	Dynamic Geometry	Topic 05	Session 5_1	CID:1362920846354	JSCcrews620	JSCcrews620	0:00:01	34:44.9		Geogebra:GeoGebra	2013-03-13 13:34:44.862 - JSCcrews620 -> tool changed to Segment between Two Points
Spring 2013 Whitehead	Dynamic Geometry	Topic 05	Session 5_1	CID:1362920846354	JSCcrews620	JSCcrews620	0:00:01	34:46.7		Geogebra:GeoGebra	2013-03-13 13:34:46.672 - JSCcrews620 -> added segment b
Spring 2013 Whitehead	Dynamic Geometry	Topic 05	Session 5_1	CID:1362920846354	JSCcrews620	JSCcrews620	0:00:14	35:01.3		Geogebra:GeoGebra	2013-03-13 13:35:01.286 - JSCcrews620 -> tool changed to Move Graphics View
Spring 2013 Whitehead	Dynamic Geometry	Topic 05	Session 5_1	CID:1362920846354	JSCcrews620	JSCcrews620	0:00:01	35:04.8	0:00:01	chat	2013-03-13 13:35:04.776 - JSCcrews620 -> ok gaby
Spring 2013 Whitehead	Dynamic Geometry	Topic 05	Session 5_1	CID:1362920846354	gabyyy_xoxo	JSCcrews620	0:00:19	35:28.4	0:00:19	chat	2013-03-13 13:35:28.380 - gabyyy_xoxo -> state the difference between the way you made segmaent AB and segment CD
Spring 2013 Whitehead	Dynamic Geometry	Topic 05	Session 5_1	CID:1362920846354	Ayanna529	gabyyy_xoxo	0:00:20	35:31.0	0:00:20	chat	2013-03-13 13:35:31.032 - Ayanna529 -> Girlies, we have about 4-5 minutes left on this part.
Spring 2013 Whitehead	Dynamic Geometry	Topic 05	Session 5_1	CID:1362920846354	JSCcrews620	Ayanna529	0:00:01	35:34.9	0:00:01	chat	2013-03-13 13:35:34.912 - JSCcrews620 -> kk ayanna
Spring 2013 Whitehead	Dynamic Geometry	Topic 05	Session 5_1	CID:1362920846354	Nyamekye Ghanian Queen	JSCcrews620	0:00:02	35:37.7	0:00:02	chat	2013-03-13 13:35:37.685 - Nyamekye Ghanian Queen -> okay 
Spring 2013 Whitehead	Dynamic Geometry	Topic 05	Session 5_1	CID:1362920846354	gabyyy_xoxo	Nyamekye Ghanian Queen	0:00:00	35:45.0	0:00:00	chat	2013-03-13 13:35:45.019 - gabyyy_xoxo -> kaaay
Spring 2013 Whitehead	Dynamic Geometry	Topic 05	Session 5_1	CID:1362920846354	JSCcrews620	gabyyy_xoxo	0:00:02	35:47.3		Geogebra:GeoGebra	2013-03-13 13:35:47.349 - JSCcrews620 -> tool changed to Move
Spring 2013 Whitehead	Dynamic Geometry	Topic 05	Session 5_1	CID:1362920846354	JSCcrews620	JSCcrews620	0:00:06	35:53.6		Geogebra:GeoGebra	2013-03-13 13:35:53.603 - JSCcrews620 -> tool changed to Segment between Two Points
Spring 2013 Whitehead	Dynamic Geometry	Topic 05	Session 5_1	CID:1362920846354	JSCcrews620	JSCcrews620	0:00:01	35:55.1		Geogebra:GeoGebra	2013-03-13 13:35:55.118 - JSCcrews620 -> tool changed to Segment between Two Points
Spring 2013 Whitehead	Dynamic Geometry	Topic 05	Session 5_1	CID:1362920846354	JSCcrews620	JSCcrews620	0:00:00	35:55.4		Geogebra:GeoGebra	2013-03-13 13:35:55.378 - JSCcrews620 -> added point:Point C
Spring 2013 Whitehead	Dynamic Geometry	Topic 05	Session 5_1	CID:1362920846354	JSCcrews620	JSCcrews620	0:00:00	35:56.0		Geogebra:GeoGebra	2013-03-13 13:35:56.031 - JSCcrews620 -> added point:Point D
Spring 2013 Whitehead	Dynamic Geometry	Topic 05	Session 5_1	CID:1362920846354	JSCcrews620	JSCcrews620	0:00:00	35:56.1		Geogebra:GeoGebra	2013-03-13 13:35:56.118 - JSCcrews620 -> updated Point C
Spring 2013 Whitehead	Dynamic Geometry	Topic 05	Session 5_1	CID:1362920846354	JSCcrews620	JSCcrews620	0:00:00	35:56.1		Geogebra:GeoGebra	2013-03-13 13:35:56.124 - JSCcrews620 -> added segment b
Spring 2013 Whitehead	Dynamic Geometry	Topic 05	Session 5_1	CID:1362920846354	JSCcrews620	JSCcrews620	0:00:01	35:57.4		Geogebra:GeoGebra	2013-03-13 13:35:57.399 - JSCcrews620 -> tool changed to Move Graphics View
Spring 2013 Whitehead	Dynamic Geometry	Topic 05	Session 5_1	CID:1362920846354	JSCcrews620	JSCcrews620	0:01:25	37:24.8	0:01:25	chat	2013-03-13 13:37:24.848 - JSCcrews620 -> the difference between the two is the fact that with segment AB i creted two points first (points A and B) n with segment  CD i used the segment between two points tool to create both the points and the segment.
Spring 2013 Whitehead	Dynamic Geometry	Topic 05	Session 5_1	CID:1362920846354	Ayanna529	JSCcrews620	0:00:22	36:29.6	0:00:22	chat	2013-03-13 13:36:29.579 - Ayanna529 -> Does Jaki only answer since she is the controller and knows how she did it? 
Spring 2013 Whitehead	Dynamic Geometry	Topic 05	Session 5_1	CID:1362920846354	Nyamekye Ghanian Queen	Ayanna529	0:00:03	36:16.9	0:00:03	awareness	2013-03-13 13:36:16.879 - Nyamekye Ghanian Queen -> [fully erased the chat message]
Spring 2013 Whitehead	Dynamic Geometry	Topic 05	Session 5_1	CID:1362920846354	Nyamekye Ghanian Queen	Nyamekye Ghanian Queen	0:00:04	36:36.8	0:00:04	chat	2013-03-13 13:36:36.783 - Nyamekye Ghanian Queen -> i think so
Spring 2013 Whitehead	Dynamic Geometry	Topic 05	Session 5_1	CID:1362920846354	gabyyy_xoxo	Nyamekye Ghanian Queen	0:00:04	36:38.4	0:00:04	chat	2013-03-13 13:36:38.357 - gabyyy_xoxo -> yeah thats what i was thinking
Spring 2013 Whitehead	Dynamic Geometry	Topic 05	Session 5_1	CID:1362920846354	Ayanna529	gabyyy_xoxo	0:00:07	36:46.3	0:00:07	chat	2013-03-13 13:36:46.335 - Ayanna529 -> Alright. Gracias.
Spring 2013 Whitehead	Dynamic Geometry	Topic 05	Session 5_1	CID:1362920846354	gabyyy_xoxo	Ayanna529	0:00:44	37:46.6	0:00:44	awareness	2013-03-13 13:37:46.624 - gabyyy_xoxo -> [fully erased the chat message]
Spring 2013 Whitehead	Dynamic Geometry	Topic 05	Session 5_1	CID:1362920846354	Ayanna529	gabyyy_xoxo	0:00:05	37:12.3	0:00:05	awareness	2013-03-13 13:37:12.275 - Ayanna529 -> [fully erased the chat message]
Spring 2013 Whitehead	Dynamic Geometry	Topic 05	Session 5_1	CID:1362920846354	Ayanna529	Ayanna529	0:00:07	37:21.1	0:00:07	chat	2013-03-13 13:37:21.132 - Ayanna529 -> 2-3 more minutes.
Spring 2013 Whitehead	Dynamic Geometry	Topic 05	Session 5_1	CID:1362920846354	Nyamekye Ghanian Queen	Ayanna529	0:00:02	37:22.7	0:00:02	awareness	2013-03-13 13:37:22.705 - Nyamekye Ghanian Queen -> [fully erased the chat message]
Spring 2013 Whitehead	Dynamic Geometry	Topic 05	Session 5_1	CID:1362920846354	JSCcrews620	Nyamekye Ghanian Queen	0:00:17	37:40.2		Geogebra:GeoGebra	2013-03-13 13:37:40.206 - JSCcrews620 -> tool changed to Move
Spring 2013 Whitehead	Dynamic Geometry	Topic 05	Session 5_1	CID:1362920846354	JSCcrews620	JSCcrews620	0:00:02	37:42.9		Geogebra:GeoGebra	2013-03-13 13:37:42.884 - JSCcrews620 -> updated Point B
Spring 2013 Whitehead	Dynamic Geometry	Topic 05	Session 5_1	CID:1362920846354	JSCcrews620	JSCcrews620	0:00:03	37:46.9		Geogebra:GeoGebra	2013-03-13 13:37:46.855 - JSCcrews620 -> updated group of objects A,B
Spring 2013 Whitehead	Dynamic Geometry	Topic 05	Session 5_1	CID:1362920846354	JSCcrews620	JSCcrews620	0:00:02	37:49.0		Geogebra:GeoGebra	2013-03-13 13:37:48.979 - JSCcrews620 -> updated Point B
Spring 2013 Whitehead	Dynamic Geometry	Topic 05	Session 5_1	CID:1362920846354	JSCcrews620	JSCcrews620	0:00:08	37:57.5		Geogebra:GeoGebra	2013-03-13 13:37:57.466 - JSCcrews620 -> tool changed to Move Graphics View
Spring 2013 Whitehead	Dynamic Geometry	Topic 05	Session 5_1	CID:1362920846354	Ayanna529	JSCcrews620	0:00:03	38:04.6	0:00:03	awareness	2013-03-13 13:38:04.648 - Ayanna529 -> [fully erased the chat message]
Spring 2013 Whitehead	Dynamic Geometry	Topic 05	Session 5_1	CID:1362920846354	JSCcrews620	Ayanna529	0:00:01	38:03.1	0:00:01	chat	2013-03-13 13:38:03.080 - JSCcrews620 -> ok gaby
Spring 2013 Whitehead	Dynamic Geometry	Topic 05	Session 5_1	CID:1362920846354	gabyyy_xoxo	JSCcrews620	0:00:19	38:27.0	0:00:19	chat	2013-03-13 13:38:27.033 - gabyyy_xoxo -> What do you notice or wonder about? Which parts of the construction can you drag?
Spring 2013 Whitehead	Dynamic Geometry	Topic 05	Session 5_1	CID:1362920846354	JSCcrews620	gabyyy_xoxo	0:00:29	39:14.6	0:00:29	chat	2013-03-13 13:39:14.647 - JSCcrews620 -> i dragged the segment AB itself until it was lying on top of segment CD.
Spring 2013 Whitehead	Dynamic Geometry	Topic 05	Session 5_1	CID:1362920846354	Ayanna529	JSCcrews620	0:00:57	39:44.7	0:00:57	chat	2013-03-13 13:39:44.736 - Ayanna529 -> I noticed that when they were lined on top of one another the were equal in length , and you can drag the line to move it.
Spring 2013 Whitehead	Dynamic Geometry	Topic 05	Session 5_1	CID:1362920846354	Nyamekye Ghanian Queen	Ayanna529	0:00:27	39:16.9	0:00:27	awareness	2013-03-13 13:39:16.950 - Nyamekye Ghanian Queen -> [fully erased the chat message]
Spring 2013 Whitehead	Dynamic Geometry	Topic 05	Session 5_1	CID:1362920846354	JSCcrews620	Nyamekye Ghanian Queen	0:00:05	39:33.9	0:00:05	awareness	2013-03-13 13:39:33.928 - JSCcrews620 -> [fully erased the chat message]
Spring 2013 Whitehead	Dynamic Geometry	Topic 05	Session 5_1	CID:1362920846354	JSCcrews620	JSCcrews620	0:00:00	39:35.1	0:00:00	awareness	2013-03-13 13:39:35.073 - JSCcrews620 -> [fully erased the chat message]
Spring 2013 Whitehead	Dynamic Geometry	Topic 05	Session 5_1	CID:1362920846354	JSCcrews620	JSCcrews620	0:00:16	39:51.6	0:00:16	awareness	2013-03-13 13:39:51.645 - JSCcrews620 -> [fully erased the chat message]
Spring 2013 Whitehead	Dynamic Geometry	Topic 05	Session 5_1	CID:1362920846354	Nyamekye Ghanian Queen	JSCcrews620	0:00:33	40:10.2	0:00:33	chat	2013-03-13 13:40:10.219 - Nyamekye Ghanian Queen -> I noticed that the lines are the same and when they were together they were the same length
Spring 2013 Whitehead	Dynamic Geometry	Topic 05	Session 5_1	CID:1362920846354	gabyyy_xoxo	Nyamekye Ghanian Queen	0:00:49	40:39.8	0:00:49	awareness	2013-03-13 13:40:39.761 - gabyyy_xoxo -> [fully erased the chat message]
Spring 2013 Whitehead	Dynamic Geometry	Topic 05	Session 5_1	CID:1362920846354	Ayanna529	gabyyy_xoxo	0:00:02	40:01.8	0:00:02	awareness	2013-03-13 13:40:01.806 - Ayanna529 -> [fully erased the chat message]
Spring 2013 Whitehead	Dynamic Geometry	Topic 05	Session 5_1	CID:1362920846354	Ayanna529	Ayanna529	0:00:02	40:05.2	0:00:02	awareness	2013-03-13 13:40:05.171 - Ayanna529 -> [fully erased the chat message]
Spring 2013 Whitehead	Dynamic Geometry	Topic 05	Session 5_1	CID:1362920846354	Ayanna529	Ayanna529	0:00:20	40:27.5	0:00:20	chat	2013-03-13 13:40:27.542 - Ayanna529 -> Late on time but we are almost done. Just a few more minutes than next tab.
Spring 2013 Whitehead	Dynamic Geometry	Topic 05	Session 5_1	CID:1362920846354	Nyamekye Ghanian Queen	Ayanna529	0:00:18	40:34.8	0:00:18	awareness	2013-03-13 13:40:34.844 - Nyamekye Ghanian Queen -> [fully erased the chat message]
Spring 2013 Whitehead	Dynamic Geometry	Topic 05	Session 5_1	CID:1362920846354	JSCcrews620	Nyamekye Ghanian Queen	0:00:28	40:46.6	0:00:28	awareness	2013-03-13 13:40:46.647 - JSCcrews620 -> [fully erased the chat message]
Spring 2013 Whitehead	Dynamic Geometry	Topic 05	Session 5_1	CID:1362920846354	Ayanna529	JSCcrews620	0:00:05	40:35.1	0:00:05	chat	2013-03-13 13:40:35.074 - Ayanna529 -> I meant next part
Spring 2013 Whitehead	Dynamic Geometry	Topic 05	Session 5_1	CID:1362920846354	Nyamekye Ghanian Queen	Ayanna529	0:00:07	40:44.5	0:00:07	chat	2013-03-13 13:40:44.459 - Nyamekye Ghanian Queen -> So now is it my turn
Spring 2013 Whitehead	Dynamic Geometry	Topic 05	Session 5_1	CID:1362920846354	gabyyy_xoxo	Nyamekye Ghanian Queen	0:00:08	41:03.2	0:00:08	awareness	2013-03-13 13:41:03.187 - gabyyy_xoxo -> [fully erased the chat message]
Spring 2013 Whitehead	Dynamic Geometry	Topic 05	Session 5_1	CID:1362920846354	Nyamekye Ghanian Queen	gabyyy_xoxo	0:00:06	41:02.1	0:00:06	awareness	2013-03-13 13:41:02.117 - Nyamekye Ghanian Queen -> [fully erased the chat message]
Spring 2013 Whitehead	Dynamic Geometry	Topic 05	Session 5_1	CID:1362920846354	Ayanna529	Nyamekye Ghanian Queen	0:00:11	41:09.3	0:00:11	chat	2013-03-13 13:41:09.333 - Ayanna529 -> No still Jaki's, 7-9 is still not done
Spring 2013 Whitehead	Dynamic Geometry	Topic 05	Session 5_1	CID:1362920846354	JSCcrews620	Ayanna529	0:0:-9	40:59.3		Geogebra:GeoGebra	2013-03-13 13:40:59.338 - JSCcrews620 -> tool changed to Move
Spring 2013 Whitehead	Dynamic Geometry	Topic 05	Session 5_1	CID:1362920846354	JSCcrews620	JSCcrews620	0:00:02	41:01.4		Geogebra:GeoGebra	2013-03-13 13:41:01.387 - JSCcrews620 -> tool changed to Segment between Two Points
Spring 2013 Whitehead	Dynamic Geometry	Topic 05	Session 5_1	CID:1362920846354	JSCcrews620	JSCcrews620	0:00:02	41:03.6		Geogebra:GeoGebra	2013-03-13 13:41:03.562 - JSCcrews620 -> tool changed to Segment between Two Points
Spring 2013 Whitehead	Dynamic Geometry	Topic 05	Session 5_1	CID:1362920846354	JSCcrews620	JSCcrews620	0:00:00	41:03.9		Geogebra:GeoGebra	2013-03-13 13:41:03.942 - JSCcrews620 -> added point:Point E
Spring 2013 Whitehead	Dynamic Geometry	Topic 05	Session 5_1	CID:1362920846354	JSCcrews620	JSCcrews620	0:00:00	41:04.6		Geogebra:GeoGebra	2013-03-13 13:41:04.565 - JSCcrews620 -> added point:Point F
Spring 2013 Whitehead	Dynamic Geometry	Topic 05	Session 5_1	CID:1362920846354	JSCcrews620	JSCcrews620	0:00:00	41:04.6		Geogebra:GeoGebra	2013-03-13 13:41:04.640 - JSCcrews620 -> added segment c
Spring 2013 Whitehead	Dynamic Geometry	Topic 05	Session 5_1	CID:1362920846354	Nyamekye Ghanian Queen	JSCcrews620	0:00:06	41:18.4	0:00:06	chat	2013-03-13 13:41:18.426 - Nyamekye Ghanian Queen -> Oh sorry kk
Spring 2013 Whitehead	Dynamic Geometry	Topic 05	Session 5_1	CID:1362920846354	JSCcrews620	Nyamekye Ghanian Queen	0:0:-6	41:12.4		Geogebra:GeoGebra	2013-03-13 13:41:12.421 - JSCcrews620 -> tool changed to New Point
Spring 2013 Whitehead	Dynamic Geometry	Topic 05	Session 5_1	CID:1362920846354	JSCcrews620	JSCcrews620	0:00:02	41:14.5		Geogebra:GeoGebra	2013-03-13 13:41:14.546 - JSCcrews620 -> added point:Point G
Spring 2013 Whitehead	Dynamic Geometry	Topic 05	Session 5_1	CID:1362920846354	Ayanna529	JSCcrews620	0:00:04	41:25.5	0:00:04	chat	2013-03-13 13:41:25.549 - Ayanna529 -> Its okay.
Spring 2013 Whitehead	Dynamic Geometry	Topic 05	Session 5_1	CID:1362920846354	JSCcrews620	Ayanna529	0:0:-3	41:21.9		Geogebra:GeoGebra	2013-03-13 13:41:21.908 - JSCcrews620 -> tool changed to Move
Spring 2013 Whitehead	Dynamic Geometry	Topic 05	Session 5_1	CID:1362920846354	JSCcrews620	JSCcrews620	0:00:03	41:24.9		Geogebra:GeoGebra	2013-03-13 13:41:24.908 - JSCcrews620 -> updated Point G
Spring 2013 Whitehead	Dynamic Geometry	Topic 05	Session 5_1	CID:1362920846354	JSCcrews620	JSCcrews620	0:00:03	41:28.3		Geogebra:GeoGebra	2013-03-13 13:41:28.265 - JSCcrews620 -> updated Point F
Spring 2013 Whitehead	Dynamic Geometry	Topic 05	Session 5_1	CID:1362920846354	JSCcrews620	JSCcrews620	0:00:03	41:31.4		Geogebra:GeoGebra	2013-03-13 13:41:31.385 - JSCcrews620 -> updated Point E
Spring 2013 Whitehead	Dynamic Geometry	Topic 05	Session 5_1	CID:1362920846354	JSCcrews620	JSCcrews620	0:00:04	41:36.1		Geogebra:GeoGebra	2013-03-13 13:41:36.142 - JSCcrews620 -> updated Point G
Spring 2013 Whitehead	Dynamic Geometry	Topic 05	Session 5_1	CID:1362920846354	JSCcrews620	JSCcrews620	0:00:04	41:40.2		Geogebra:GeoGebra	2013-03-13 13:41:40.224 - JSCcrews620 -> tool changed to Move Graphics View
Spring 2013 Whitehead	Dynamic Geometry	Topic 05	Session 5_1	CID:1362920846354	JSCcrews620	JSCcrews620	0:00:03	41:53.1	0:00:03	chat	2013-03-13 13:41:53.109 - JSCcrews620 -> ok gaby
Spring 2013 Whitehead	Dynamic Geometry	Topic 05	Session 5_1	CID:1362920846354	gabyyy_xoxo	JSCcrews620	0:00:09	42:07.5	0:00:09	chat	2013-03-13 13:42:07.518 - gabyyy_xoxo -> What do you notice about each point?
Spring 2013 Whitehead	Dynamic Geometry	Topic 05	Session 5_1	CID:1362920846354	Ayanna529	gabyyy_xoxo	0:00:11	42:18.7	0:00:11	chat	2013-03-13 13:42:18.710 - Ayanna529 -> At least two more minutes, we need to move on.
Spring 2013 Whitehead	Dynamic Geometry	Topic 05	Session 5_1	CID:1362920846354	Nyamekye Ghanian Queen	Ayanna529	0:00:02	42:25.5	0:00:02	awareness	2013-03-13 13:42:25.497 - Nyamekye Ghanian Queen -> [fully erased the chat message]
Spring 2013 Whitehead	Dynamic Geometry	Topic 05	Session 5_1	CID:1362920846354	Ayanna529	Nyamekye Ghanian Queen	0:00:56	43:20.6	0:00:56	chat	2013-03-13 13:43:20.561 - Ayanna529 -> and I noticed that when Jaki moved points E and F they moved wherever they were dragged but for point G it could only move on its line segment.
Spring 2013 Whitehead	Dynamic Geometry	Topic 05	Session 5_1	CID:1362920846354	Nyamekye Ghanian Queen	Ayanna529	0:00:05	42:32.1	0:00:05	awareness	2013-03-13 13:42:32.148 - Nyamekye Ghanian Queen -> [fully erased the chat message]
Spring 2013 Whitehead	Dynamic Geometry	Topic 05	Session 5_1	CID:1362920846354	gabyyy_xoxo	Nyamekye Ghanian Queen	0:00:07	42:38.0	0:00:07	chat	2013-03-13 13:42:37.974 - gabyyy_xoxo -> they all move together!
Spring 2013 Whitehead	Dynamic Geometry	Topic 05	Session 5_1	CID:1362920846354	JSCcrews620	gabyyy_xoxo	0:00:46	43:19.7	0:00:46	chat	2013-03-13 13:43:19.704 - JSCcrews620 -> point G is the only point on the segment that moves. Moving points E or F makes the segment longer or shorter
Spring 2013 Whitehead	Dynamic Geometry	Topic 05	Session 5_1	CID:1362920846354	Nyamekye Ghanian Queen	JSCcrews620	0:00:02	42:39.7	0:00:02	awareness	2013-03-13 13:42:39.681 - Nyamekye Ghanian Queen -> [fully erased the chat message]
Spring 2013 Whitehead	Dynamic Geometry	Topic 05	Session 5_1	CID:1362920846354	Nyamekye Ghanian Queen	Nyamekye Ghanian Queen	0:00:01	42:42.4	0:00:01	awareness	2013-03-13 13:42:42.428 - Nyamekye Ghanian Queen -> [fully erased the chat message]
Spring 2013 Whitehead	Dynamic Geometry	Topic 05	Session 5_1	CID:1362920846354	Nyamekye Ghanian Queen	Nyamekye Ghanian Queen	0:00:04	42:47.5	0:00:04	chat	2013-03-13 13:42:47.503 - Nyamekye Ghanian Queen -> yes i agree with jakui
Spring 2013 Whitehead	Dynamic Geometry	Topic 05	Session 5_1	CID:1362920846354	Nyamekye Ghanian Queen	Nyamekye Ghanian Queen	0:00:03	42:52.7	0:00:03	chat	2013-03-13 13:42:52.657 - Nyamekye Ghanian Queen -> jaki*
Spring 2013 Whitehead	Dynamic Geometry	Topic 05	Session 5_1	CID:1362920846354	Nyamekye Ghanian Queen	Nyamekye Ghanian Queen	0:00:10	43:15.6	0:00:10	chat	2013-03-13 13:43:15.584 - Nyamekye Ghanian Queen -> oh sorry its Gaby*
Spring 2013 Whitehead	Dynamic Geometry	Topic 05	Session 5_1	CID:1362920846354	Nyamekye Ghanian Queen	Nyamekye Ghanian Queen	0:00:04	43:32.6	0:00:04	chat	2013-03-13 13:43:32.602 - Nyamekye Ghanian Queen -> Okay so now i summarize
Spring 2013 Whitehead	Dynamic Geometry	Topic 05	Session 5_1	CID:1362920846354	Nyamekye Ghanian Queen	Nyamekye Ghanian Queen	0:00:00	43:38.7	0:00:00	awareness	2013-03-13 13:43:38.729 - Nyamekye Ghanian Queen -> [fully erased the chat message]
Spring 2013 Whitehead	Dynamic Geometry	Topic 05	Session 5_1	CID:1362920846354	JSCcrews620	Nyamekye Ghanian Queen	0:00:00	43:41.4	0:00:00	chat	2013-03-13 13:43:41.442 - JSCcrews620 -> yes
Spring 2013 Whitehead	Dynamic Geometry	Topic 05	Session 5_1	CID:1362920846354	Nyamekye Ghanian Queen	JSCcrews620	0:00:34	44:15.5	0:00:34	awareness	2013-03-13 13:44:15.467 - Nyamekye Ghanian Queen -> [fully erased the chat message]
Spring 2013 Whitehead	Dynamic Geometry	Topic 05	Session 5_1	CID:1362920846354	gabyyy_xoxo	Nyamekye Ghanian Queen	0:0:-30	43:45.2		Geogebra:GeoGebra	2013-03-13 13:43:45.183 - gabyyy_xoxo -> tool changed to Move
Spring 2013 Whitehead	Dynamic Geometry	Topic 05	Session 5_1	CID:1362920846354	gabyyy_xoxo	gabyyy_xoxo	0:00:01	43:46.9		Geogebra:GeoGebra	2013-03-13 13:43:46.943 - gabyyy_xoxo -> tool changed to Move Graphics View
Spring 2013 Whitehead	Dynamic Geometry	Topic 05	Session 5_1	CID:1362920846354	JSCcrews620	gabyyy_xoxo	0:00:02	43:49.3	0:00:02	awareness	2013-03-13 13:43:49.325 - JSCcrews620 -> [fully erased the chat message]
Spring 2013 Whitehead	Dynamic Geometry	Topic 05	Session 5_1	CID:1362920846354	JSCcrews620	JSCcrews620	0:00:06	43:56.2	0:00:06	awareness	2013-03-13 13:43:56.211 - JSCcrews620 -> [fully erased the chat message]
Spring 2013 Whitehead	Dynamic Geometry	Topic 05	Session 5_1	CID:1362920846354	JSCcrews620	JSCcrews620	0:00:00	43:57.1	0:00:00	awareness	2013-03-13 13:43:57.105 - JSCcrews620 -> [fully erased the chat message]
Spring 2013 Whitehead	Dynamic Geometry	Topic 05	Session 5_1	CID:1362920846354	JSCcrews620	JSCcrews620	0:00:00	43:57.3	0:00:00	awareness	2013-03-13 13:43:57.254 - JSCcrews620 -> [fully erased the chat message]
Spring 2013 Whitehead	Dynamic Geometry	Topic 05	Session 5_1	CID:1362920846354	JSCcrews620	JSCcrews620	0:00:01	43:58.6	0:00:01	awareness	2013-03-13 13:43:58.600 - JSCcrews620 -> [fully erased the chat message]
Spring 2013 Whitehead	Dynamic Geometry	Topic 05	Session 5_1	CID:1362920846354	Ayanna529	JSCcrews620	0:00:05	44:06.4	0:00:05	awareness	2013-03-13 13:44:06.353 - Ayanna529 -> [fully erased the chat message]
Spring 2013 Whitehead	Dynamic Geometry	Topic 05	Session 5_1	CID:1362920846354	gabyyy_xoxo	Ayanna529	0:0:-4	44:02.2		system	2013-03-13 13:44:02.236 - gabyyy_xoxo -> Now viewing tab Summary
Spring 2013 Whitehead	Dynamic Geometry	Topic 05	Session 5_1	CID:1362920846354	Nyamekye Ghanian Queen	gabyyy_xoxo	0:00:16	44:18.5		system	2013-03-13 13:44:18.550 - Nyamekye Ghanian Queen -> Now viewing tab Summary
Spring 2013 Whitehead	Dynamic Geometry	Topic 05	Session 5_1	CID:1362920846354	JSCcrews620	Nyamekye Ghanian Queen	0:00:00	44:19.1		system	2013-03-13 13:44:19.081 - JSCcrews620 -> Now viewing tab Summary
Spring 2013 Whitehead	Dynamic Geometry	Topic 05	Session 5_1	CID:1362920846354	Ayanna529	JSCcrews620	0:00:00	44:20.0		system	2013-03-13 13:44:19.967 - Ayanna529 -> Now viewing tab Summary
Spring 2013 Whitehead	Dynamic Geometry	Topic 05	Session 5_1	CID:1362920846354	Nyamekye Ghanian Queen	Ayanna529	0:00:00	44:22.4	0:00:00	awareness	2013-03-13 13:44:22.357 - Nyamekye Ghanian Queen -> [fully erased the chat message]
Spring 2013 Whitehead	Dynamic Geometry	Topic 05	Session 5_1	CID:1362920846354	Nyamekye Ghanian Queen	Nyamekye Ghanian Queen	0:01:40	46:03.6	0:01:40	chat	2013-03-13 13:46:03.565 - Nyamekye Ghanian Queen -> So in part one we made different points and we saw how the points moved with andf without a line segment. We saw that the lines were the same and the points moved together. That is what we saw in part one.  
Spring 2013 Whitehead	Dynamic Geometry	Topic 05	Session 5_1	CID:1362920846354	Ayanna529	Nyamekye Ghanian Queen	0:00:18	46:23.6	0:00:18	chat	2013-03-13 13:46:23.584 - Ayanna529 -> Okay not back to the first tab and I will restart my brain timer.
Spring 2013 Whitehead	Dynamic Geometry	Topic 05	Session 5_1	CID:1362920846354	gabyyy_xoxo	Ayanna529	0:00:06	46:20.1	0:00:06	chat	2013-03-13 13:46:20.150 - gabyyy_xoxo -> your supposed to write it on the screen
Spring 2013 Whitehead	Dynamic Geometry	Topic 05	Session 5_1	CID:1362920846354	JSCcrews620	gabyyy_xoxo	0:00:11	46:33.1	0:00:11	awareness	2013-03-13 13:46:33.129 - JSCcrews620 -> [fully erased the chat message]
Spring 2013 Whitehead	Dynamic Geometry	Topic 05	Session 5_1	CID:1362920846354	Ayanna529	JSCcrews620	0:00:26	47:15.8	0:00:26	chat	2013-03-13 13:47:15.763 - Ayanna529 -> Gaby, you summarize it under the summarize tab not in a text bo x I don't think.
Spring 2013 Whitehead	Dynamic Geometry	Topic 05	Session 5_1	CID:1362920846354	JSCcrews620	Ayanna529	0:00:06	47:00.3	0:00:06	chat	2013-03-13 13:47:00.284 - JSCcrews620 -> so who has what role now?
Spring 2013 Whitehead	Dynamic Geometry	Topic 05	Session 5_1	CID:1362920846354	gabyyy_xoxo	JSCcrews620	0:01:05	48:10.5	0:01:05	awareness	2013-03-13 13:48:10.471 - gabyyy_xoxo -> [fully erased the chat message]
Spring 2013 Whitehead	Dynamic Geometry	Topic 05	Session 5_1	CID:1362920846354	Nyamekye Ghanian Queen	gabyyy_xoxo	0:0:-50	47:20.2		system	2013-03-13 13:47:20.246 - Nyamekye Ghanian Queen -> Now viewing tab GeoGebra
Spring 2013 Whitehead	Dynamic Geometry	Topic 05	Session 5_1	CID:1362920846354	Nyamekye Ghanian Queen	Nyamekye Ghanian Queen	0:00:03	47:23.7		system	2013-03-13 13:47:23.655 - Nyamekye Ghanian Queen -> Now viewing tab Summary
Spring 2013 Whitehead	Dynamic Geometry	Topic 05	Session 5_1	CID:1362920846354	Ayanna529	Nyamekye Ghanian Queen	0:00:47	48:10.7		system	2013-03-13 13:48:10.670 - Ayanna529 -> Now viewing tab GeoGebra
Spring 2013 Whitehead	Dynamic Geometry	Topic 05	Session 5_1	CID:1362920846354	gabyyy_xoxo	Ayanna529	0:00:01	48:12.6		system	2013-03-13 13:48:12.638 - gabyyy_xoxo -> Now viewing tab GeoGebra
Spring 2013 Whitehead	Dynamic Geometry	Topic 05	Session 5_1	CID:1362920846354	Nyamekye Ghanian Queen	gabyyy_xoxo	0:00:00	48:12.9		system	2013-03-13 13:48:12.861 - Nyamekye Ghanian Queen -> Now viewing tab GeoGebra
Spring 2013 Whitehead	Dynamic Geometry	Topic 05	Session 5_1	CID:1362920846354	JSCcrews620	Nyamekye Ghanian Queen	0:00:00	48:13.8		system	2013-03-13 13:48:13.814 - JSCcrews620 -> Now viewing tab GeoGebra
Spring 2013 Whitehead	Dynamic Geometry	Topic 05	Session 5_1	CID:1362920846354	JSCcrews620	JSCcrews620	0:00:02	48:19.1	0:00:02	chat	2013-03-13 13:48:19.118 - JSCcrews620 -> roles??
Spring 2013 Whitehead	Dynamic Geometry	Topic 05	Session 5_1	CID:1362920846354	Nyamekye Ghanian Queen	JSCcrews620	0:00:13	48:33.5	0:00:13	chat	2013-03-13 13:48:33.519 - Nyamekye Ghanian Queen -> Okay so now i am the timer
Spring 2013 Whitehead	Dynamic Geometry	Topic 05	Session 5_1	CID:1362920846354	gabyyy_xoxo	Nyamekye Ghanian Queen	0:00:00	48:20.9	0:00:00	chat	2013-03-13 13:48:20.878 - gabyyy_xoxo -> h
Spring 2013 Whitehead	Dynamic Geometry	Topic 05	Session 5_1	CID:1362920846354	Ayanna529	gabyyy_xoxo	0:00:10	48:37.6	0:00:10	chat	2013-03-13 13:48:37.580 - Ayanna529 -> Now I'm the controller
Spring 2013 Whitehead	Dynamic Geometry	Topic 05	Session 5_1	CID:1362920846354	JSCcrews620	Ayanna529	0:00:09	48:38.9	0:00:09	chat	2013-03-13 13:48:38.890 - JSCcrews620 -> i'm facilitater
Spring 2013 Whitehead	Dynamic Geometry	Topic 05	Session 5_1	CID:1362920846354	gabyyy_xoxo	JSCcrews620	0:00:06	48:36.9	0:00:06	chat	2013-03-13 13:48:36.852 - gabyyy_xoxo -> im the summarizer woohoo
Spring 2013 Whitehead	Dynamic Geometry	Topic 05	Session 5_1	CID:1362920846354	Ayanna529	gabyyy_xoxo	0:00:09	48:46.6		Geogebra:GeoGebra	2013-03-13 13:48:46.584 - Ayanna529 -> tool changed to Move
Spring 2013 Whitehead	Dynamic Geometry	Topic 05	Session 5_1	CID:1362920846354	JSCcrews620	Ayanna529	0:00:06	48:55.5	0:00:06	chat	2013-03-13 13:48:55.478 - JSCcrews620 -> oops i spelled that wrong
Spring 2013 Whitehead	Dynamic Geometry	Topic 05	Session 5_1	CID:1362920846354	Ayanna529	JSCcrews620	0:00:01	48:57.0		Geogebra:GeoGebra	2013-03-13 13:48:56.951 - Ayanna529 -> Geogebra Cleared
Spring 2013 Whitehead	Dynamic Geometry	Topic 05	Session 5_1	CID:1362920846354	Ayanna529	Ayanna529	0:00:00	48:57.0		Geogebra:GeoGebra	2013-03-13 13:48:56.954 - Ayanna529 -> tool changed to Move
Spring 2013 Whitehead	Dynamic Geometry	Topic 05	Session 5_1	CID:1362920846354	Ayanna529	Ayanna529	0:00:09	49:06.7		Geogebra:GeoGebra	2013-03-13 13:49:06.670 - Ayanna529 -> tool changed to Line through Two Points
Spring 2013 Whitehead	Dynamic Geometry	Topic 05	Session 5_1	CID:1362920846354	Ayanna529	Ayanna529	0:00:03	49:10.6		Geogebra:GeoGebra	2013-03-13 13:49:10.635 - Ayanna529 -> added point:Point A
Spring 2013 Whitehead	Dynamic Geometry	Topic 05	Session 5_1	CID:1362920846354	Ayanna529	Ayanna529	0:00:03	49:14.0		Geogebra:GeoGebra	2013-03-13 13:49:14.027 - Ayanna529 -> added point:Point B
Spring 2013 Whitehead	Dynamic Geometry	Topic 05	Session 5_1	CID:1362920846354	Ayanna529	Ayanna529	0:00:00	49:14.1		Geogebra:GeoGebra	2013-03-13 13:49:14.140 - Ayanna529 -> added line:Line a
Spring 2013 Whitehead	Dynamic Geometry	Topic 05	Session 5_1	CID:1362920846354	Ayanna529	Ayanna529	0:00:06	49:20.5		Geogebra:GeoGebra	2013-03-13 13:49:20.467 - Ayanna529 -> tool changed to Perpendicular Line
Spring 2013 Whitehead	Dynamic Geometry	Topic 05	Session 5_1	CID:1362920846354	Ayanna529	Ayanna529	0:00:11	49:31.9		Geogebra:GeoGebra	2013-03-13 13:49:31.882 - Ayanna529 -> tool changed to Parallel Line
Spring 2013 Whitehead	Dynamic Geometry	Topic 05	Session 5_1	CID:1362920846354	Ayanna529	Ayanna529	0:00:33	50:05.3		Geogebra:GeoGebra	2013-03-13 13:50:05.349 - Ayanna529 -> added point:Point C
Spring 2013 Whitehead	Dynamic Geometry	Topic 05	Session 5_1	CID:1362920846354	Ayanna529	Ayanna529	0:00:02	50:07.7		Geogebra:GeoGebra	2013-03-13 13:50:07.660 - Ayanna529 -> added point:Point D
Spring 2013 Whitehead	Dynamic Geometry	Topic 05	Session 5_1	CID:1362920846354	Ayanna529	Ayanna529	0:00:02	50:10.3		Geogebra:GeoGebra	2013-03-13 13:50:10.301 - Ayanna529 -> added line:Line b
Spring 2013 Whitehead	Dynamic Geometry	Topic 05	Session 5_1	CID:1362920846354	Ayanna529	Ayanna529	0:00:04	50:14.6		Geogebra:GeoGebra	2013-03-13 13:50:14.587 - Ayanna529 -> tool changed to Move
Spring 2013 Whitehead	Dynamic Geometry	Topic 05	Session 5_1	CID:1362920846354	Ayanna529	Ayanna529	0:00:07	50:22.5		Geogebra:GeoGebra	2013-03-13 13:50:22.533 - Ayanna529 -> updated Point D
Spring 2013 Whitehead	Dynamic Geometry	Topic 05	Session 5_1	CID:1362920846354	Ayanna529	Ayanna529	0:00:05	50:28.4		Geogebra:GeoGebra	2013-03-13 13:50:28.413 - Ayanna529 -> tool changed to Move
Spring 2013 Whitehead	Dynamic Geometry	Topic 05	Session 5_1	CID:1362920846354	Ayanna529	Ayanna529	0:00:10	50:38.9		Geogebra:GeoGebra	2013-03-13 13:50:38.893 - Ayanna529 -> updated group of objects A,B
Spring 2013 Whitehead	Dynamic Geometry	Topic 05	Session 5_1	CID:1362920846354	Ayanna529	Ayanna529	0:00:05	50:44.0		Geogebra:GeoGebra	2013-03-13 13:50:43.982 - Ayanna529 -> tool changed to Parallel Line
Spring 2013 Whitehead	Dynamic Geometry	Topic 05	Session 5_1	CID:1362920846354	Ayanna529	Ayanna529	0:00:04	50:48.3		Geogebra:GeoGebra	2013-03-13 13:50:48.294 - Ayanna529 -> tool changed to Move
Spring 2013 Whitehead	Dynamic Geometry	Topic 05	Session 5_1	CID:1362920846354	Ayanna529	Ayanna529	0:00:16	51:04.4		Geogebra:GeoGebra	2013-03-13 13:51:04.411 - Ayanna529 -> updated Point C
Spring 2013 Whitehead	Dynamic Geometry	Topic 05	Session 5_1	CID:1362920846354	Ayanna529	Ayanna529	0:00:01	51:05.5		Geogebra:GeoGebra	2013-03-13 13:51:05.550 - Ayanna529 -> updated Point D
Spring 2013 Whitehead	Dynamic Geometry	Topic 05	Session 5_1	CID:1362920846354	Ayanna529	Ayanna529	0:00:03	51:09.4		Geogebra:GeoGebra	2013-03-13 13:51:09.434 - Ayanna529 -> tool changed to New Point
Spring 2013 Whitehead	Dynamic Geometry	Topic 05	Session 5_1	CID:1362920846354	Ayanna529	Ayanna529	0:00:01	51:11.3		Geogebra:GeoGebra	2013-03-13 13:51:11.260 - Ayanna529 -> added point:Point D
Spring 2013 Whitehead	Dynamic Geometry	Topic 05	Session 5_1	CID:1362920846354	Ayanna529	Ayanna529	0:00:02	51:13.8		Geogebra:GeoGebra	2013-03-13 13:51:13.790 - Ayanna529 -> tool changed to Move
Spring 2013 Whitehead	Dynamic Geometry	Topic 05	Session 5_1	CID:1362920846354	Ayanna529	Ayanna529	0:00:04	51:18.2		Geogebra:GeoGebra	2013-03-13 13:51:18.217 - Ayanna529 -> updated Point C
Spring 2013 Whitehead	Dynamic Geometry	Topic 05	Session 5_1	CID:1362920846354	Ayanna529	Ayanna529	0:00:04	51:23.1		Geogebra:GeoGebra	2013-03-13 13:51:23.143 - Ayanna529 -> updated group of objects A,B
Spring 2013 Whitehead	Dynamic Geometry	Topic 05	Session 5_1	CID:1362920846354	Ayanna529	Ayanna529	0:00:35	51:58.5		Geogebra:GeoGebra	2013-03-13 13:51:58.538 - Ayanna529 -> updated Point A
Spring 2013 Whitehead	Dynamic Geometry	Topic 05	Session 5_1	CID:1362920846354	Ayanna529	Ayanna529	0:00:11	52:09.8		Geogebra:GeoGebra	2013-03-13 13:52:09.754 - Ayanna529 -> updated Point B
Spring 2013 Whitehead	Dynamic Geometry	Topic 05	Session 5_1	CID:1362920846354	Ayanna529	Ayanna529	0:00:02	52:12.3		Geogebra:GeoGebra	2013-03-13 13:52:12.287 - Ayanna529 -> updated Point C
Spring 2013 Whitehead	Dynamic Geometry	Topic 05	Session 5_1	CID:1362920846354	Ayanna529	Ayanna529	0:00:02	52:15.0		Geogebra:GeoGebra	2013-03-13 13:52:15.022 - Ayanna529 -> updated Point A
Spring 2013 Whitehead	Dynamic Geometry	Topic 05	Session 5_1	CID:1362920846354	Ayanna529	Ayanna529	0:00:03	52:31.3	0:00:03	chat	2013-03-13 13:52:31.348 - Ayanna529 -> Jaki
Spring 2013 Whitehead	Dynamic Geometry	Topic 05	Session 5_1	CID:1362920846354	JSCcrews620	Ayanna529	0:00:23	52:56.7	0:00:23	chat	2013-03-13 13:52:56.681 - JSCcrews620 -> what do you notice about EACH point and segment?
Spring 2013 Whitehead	Dynamic Geometry	Topic 05	Session 5_1	CID:1362920846354	Ayanna529	JSCcrews620	0:00:02	52:44.3	0:00:02	chat	2013-03-13 13:52:44.333 - Ayanna529 -> Your turn
Spring 2013 Whitehead	Dynamic Geometry	Topic 05	Session 5_1	CID:1362920846354	Ayanna529	Ayanna529	0:01:29	54:31.9	0:01:29	chat	2013-03-13 13:54:31.942 - Ayanna529 -> I noticed that when I moved point A point D moved and so did the lines and when I moved point B, D ,moved again. Line CD doesn't moved when I clock the line but when I click the points the line moves.
Spring 2013 Whitehead	Dynamic Geometry	Topic 05	Session 5_1	CID:1362920846354	Nyamekye Ghanian Queen	Ayanna529	0:00:20	53:24.4	0:00:20	chat	2013-03-13 13:53:24.401 - Nyamekye Ghanian Queen -> that when you move one point that the other lines moved with it
Spring 2013 Whitehead	Dynamic Geometry	Topic 05	Session 5_1	CID:1362920846354	Ayanna529	Nyamekye Ghanian Queen	0:0:-9	53:15.1		Geogebra:GeoGebra	2013-03-13 13:53:15.082 - Ayanna529 -> tool changed to Move Graphics View
Spring 2013 Whitehead	Dynamic Geometry	Topic 05	Session 5_1	CID:1362920846354	Ayanna529	Ayanna529	0:00:07	53:22.1		Geogebra:GeoGebra	2013-03-13 13:53:22.090 - Ayanna529 -> tool changed to Move
Spring 2013 Whitehead	Dynamic Geometry	Topic 05	Session 5_1	CID:1362920846354	Ayanna529	Ayanna529	0:00:01	53:23.5		Geogebra:GeoGebra	2013-03-13 13:53:23.511 - Ayanna529 -> tool changed to Move Graphics View
Spring 2013 Whitehead	Dynamic Geometry	Topic 05	Session 5_1	CID:1362920846354	Nyamekye Ghanian Queen	Ayanna529	0:00:28	53:55.8	0:00:28	chat	2013-03-13 13:53:55.848 - Nyamekye Ghanian Queen -> we have about 8 more minutes left girls/.
Spring 2013 Whitehead	Dynamic Geometry	Topic 05	Session 5_1	CID:1362920846354	JSCcrews620	Nyamekye Ghanian Queen	0:00:36	54:05.3	0:00:36	chat	2013-03-13 13:54:05.284 - JSCcrews620 -> if you move the points on line CD the line stays parallel to line AB
Spring 2013 Whitehead	Dynamic Geometry	Topic 05	Session 5_1	CID:1362920846354	gabyyy_xoxo	JSCcrews620	0:00:37	55:15.6	0:00:37	awareness	2013-03-13 13:55:15.650 - gabyyy_xoxo -> [fully erased the chat message]
Spring 2013 Whitehead	Dynamic Geometry	Topic 05	Session 5_1	CID:1362920846354	Ayanna529	gabyyy_xoxo	0:00:06	55:11.1	0:00:06	chat	2013-03-13 13:55:11.101 - Ayanna529 -> I go again. 
Spring 2013 Whitehead	Dynamic Geometry	Topic 05	Session 5_1	CID:1362920846354	Ayanna529	Ayanna529	0:00:01	55:12.8		Geogebra:GeoGebra	2013-03-13 13:55:12.773 - Ayanna529 -> tool changed to Move
Spring 2013 Whitehead	Dynamic Geometry	Topic 05	Session 5_1	CID:1362920846354	Ayanna529	Ayanna529	0:00:16	55:29.1		Geogebra:GeoGebra	2013-03-13 13:55:29.088 - Ayanna529 -> tool changed to Segment between Two Points
Spring 2013 Whitehead	Dynamic Geometry	Topic 05	Session 5_1	CID:1362920846354	Ayanna529	Ayanna529	0:00:07	55:36.7		Geogebra:GeoGebra	2013-03-13 13:55:36.721 - Ayanna529 -> tool changed to Segment between Two Points
Spring 2013 Whitehead	Dynamic Geometry	Topic 05	Session 5_1	CID:1362920846354	Ayanna529	Ayanna529	0:00:06	55:43.6		Geogebra:GeoGebra	2013-03-13 13:55:43.629 - Ayanna529 -> added segment c
Spring 2013 Whitehead	Dynamic Geometry	Topic 05	Session 5_1	CID:1362920846354	Ayanna529	Ayanna529	0:00:39	56:23.4		Geogebra:GeoGebra	2013-03-13 13:56:23.414 - Ayanna529 -> added segment d
Spring 2013 Whitehead	Dynamic Geometry	Topic 05	Session 5_1	CID:1362920846354	Ayanna529	Ayanna529	0:00:18	56:42.3		Geogebra:GeoGebra	2013-03-13 13:56:42.348 - Ayanna529 -> added segment e
Spring 2013 Whitehead	Dynamic Geometry	Topic 05	Session 5_1	CID:1362920846354	Nyamekye Ghanian Queen	Ayanna529	0:00:49	58:19.4	0:00:49	chat	2013-03-13 13:58:19.434 - Nyamekye Ghanian Queen -> We have about three minutes left girls
Spring 2013 Whitehead	Dynamic Geometry	Topic 05	Session 5_1	CID:1362920846354	Ayanna529	Nyamekye Ghanian Queen	0:0:-29	57:50.4		Geogebra:GeoGebra	2013-03-13 13:57:50.362 - Ayanna529 -> tool changed to Line through Two Points
Spring 2013 Whitehead	Dynamic Geometry	Topic 05	Session 5_1	CID:1362920846354	Ayanna529	Ayanna529	0:00:06	57:57.2		Geogebra:GeoGebra	2013-03-13 13:57:57.206 - Ayanna529 -> added point:Point E
Spring 2013 Whitehead	Dynamic Geometry	Topic 05	Session 5_1	CID:1362920846354	Ayanna529	Ayanna529	0:00:12	58:10.1		Geogebra:GeoGebra	2013-03-13 13:58:10.073 - Ayanna529 -> added point:Point F
Spring 2013 Whitehead	Dynamic Geometry	Topic 05	Session 5_1	CID:1362920846354	Ayanna529	Ayanna529	0:00:00	58:10.2		Geogebra:GeoGebra	2013-03-13 13:58:10.180 - Ayanna529 -> updated Point E
Spring 2013 Whitehead	Dynamic Geometry	Topic 05	Session 5_1	CID:1362920846354	Ayanna529	Ayanna529	0:00:00	58:10.2		Geogebra:GeoGebra	2013-03-13 13:58:10.184 - Ayanna529 -> added line:Line f
Spring 2013 Whitehead	Dynamic Geometry	Topic 05	Session 5_1	CID:1362920846354	Ayanna529	Ayanna529	0:00:30	58:40.5		Geogebra:GeoGebra	2013-03-13 13:58:40.510 - Ayanna529 -> tool changed to Segment between Two Points
Spring 2013 Whitehead	Dynamic Geometry	Topic 05	Session 5_1	CID:1362920846354	Ayanna529	Ayanna529	0:00:05	58:46.5		Geogebra:GeoGebra	2013-03-13 13:58:46.503 - Ayanna529 -> tool changed to Segment between Two Points
Spring 2013 Whitehead	Dynamic Geometry	Topic 05	Session 5_1	CID:1362920846354	Ayanna529	Ayanna529	0:00:02	58:49.2		Geogebra:GeoGebra	2013-03-13 13:58:49.239 - Ayanna529 -> tool changed to Move
Spring 2013 Whitehead	Dynamic Geometry	Topic 05	Session 5_1	CID:1362920846354	Ayanna529	Ayanna529	0:01:03	59:52.6		Geogebra:GeoGebra	2013-03-13 13:59:52.647 - Ayanna529 -> tool changed to Line through Two Points
Spring 2013 Whitehead	Dynamic Geometry	Topic 05	Session 5_1	CID:1362920846354	Ayanna529	Ayanna529	0:00:03	59:55.8		Geogebra:GeoGebra	2013-03-13 13:59:55.848 - Ayanna529 -> added line:Line g
Spring 2013 Whitehead	Dynamic Geometry	Topic 05	Session 5_1	CID:1362920846354	Ayanna529	Ayanna529	0:00:02	59:58.6		Geogebra:GeoGebra	2013-03-13 13:59:58.603 - Ayanna529 -> added line:Line h
Spring 2013 Whitehead	Dynamic Geometry	Topic 05	Session 5_1	CID:1362920846354	Ayanna529	Ayanna529	0:00:03	00:02.1		Geogebra:GeoGebra	2013-03-13 14:00:02.141 - Ayanna529 -> tool changed to Segment between Two Points
Spring 2013 Whitehead	Dynamic Geometry	Topic 05	Session 5_1	CID:1362920846354	Ayanna529	Ayanna529	0:00:03	00:05.6		Geogebra:GeoGebra	2013-03-13 14:00:05.597 - Ayanna529 -> added segment i
Spring 2013 Whitehead	Dynamic Geometry	Topic 05	Session 5_1	CID:1362920846354	Ayanna529	Ayanna529	0:00:01	00:07.1		Geogebra:GeoGebra	2013-03-13 14:00:07.052 - Ayanna529 -> tool changed to Move
Spring 2013 Whitehead	Dynamic Geometry	Topic 05	Session 5_1	CID:1362920846354	Ayanna529	Ayanna529	0:00:41	00:48.1		Geogebra:GeoGebra	2013-03-13 14:00:48.130 - Ayanna529 -> tool changed to Segment between Two Points
Spring 2013 Whitehead	Dynamic Geometry	Topic 05	Session 5_1	CID:1362920846354	Ayanna529	Ayanna529	0:00:02	00:50.8		Geogebra:GeoGebra	2013-03-13 14:00:50.799 - Ayanna529 -> added segment j
Spring 2013 Whitehead	Dynamic Geometry	Topic 05	Session 5_1	CID:1362920846354	Ayanna529	Ayanna529	0:00:02	00:53.2		Geogebra:GeoGebra	2013-03-13 14:00:53.152 - Ayanna529 -> tool changed to Move
Spring 2013 Whitehead	Dynamic Geometry	Topic 05	Session 5_1	CID:1362920846354	JSCcrews620	Ayanna529	0:00:02	01:08.7	0:00:02	chat	2013-03-13 14:01:08.730 - JSCcrews620 -> yes!!
Spring 2013 Whitehead	Dynamic Geometry	Topic 05	Session 5_1	CID:1362920846354	Ayanna529	JSCcrews620	0:00:03	01:12.7		Geogebra:GeoGebra	2013-03-13 14:01:12.683 - Ayanna529 -> updated group of objects E,F
Spring 2013 Whitehead	Dynamic Geometry	Topic 05	Session 5_1	CID:1362920846354	Ayanna529	Ayanna529	0:00:04	01:17.5		Geogebra:GeoGebra	2013-03-13 14:01:17.511 - Ayanna529 -> updated Point E
Spring 2013 Whitehead	Dynamic Geometry	Topic 05	Session 5_1	CID:1362920846354	Nyamekye Ghanian Queen	Ayanna529	0:01:26	02:45.9	0:01:26	awareness	2013-03-13 14:02:45.889 - Nyamekye Ghanian Queen -> [fully erased the chat message]
Spring 2013 Whitehead	Dynamic Geometry	Topic 05	Session 5_1	CID:1362920846354	Ayanna529	Nyamekye Ghanian Queen	0:-1:-22	01:23.8		Geogebra:GeoGebra	2013-03-13 14:01:23.783 - Ayanna529 -> tool changed to Segment between Two Points
Spring 2013 Whitehead	Dynamic Geometry	Topic 05	Session 5_1	CID:1362920846354	Ayanna529	Ayanna529	0:00:03	01:26.9		Geogebra:GeoGebra	2013-03-13 14:01:26.917 - Ayanna529 -> added segment f
Spring 2013 Whitehead	Dynamic Geometry	Topic 05	Session 5_1	CID:1362920846354	Ayanna529	Ayanna529	0:00:11	01:38.9		Geogebra:GeoGebra	2013-03-13 14:01:38.881 - Ayanna529 -> tool changed to Move
Spring 2013 Whitehead	Dynamic Geometry	Topic 05	Session 5_1	CID:1362920846354	Ayanna529	Ayanna529	0:00:14	01:53.4		Geogebra:GeoGebra	2013-03-13 14:01:53.388 - Ayanna529 -> updated Point C
Spring 2013 Whitehead	Dynamic Geometry	Topic 05	Session 5_1	CID:1362920846354	Ayanna529	Ayanna529	0:00:11	02:04.5		Geogebra:GeoGebra	2013-03-13 14:02:04.529 - Ayanna529 -> updated Point D
Spring 2013 Whitehead	Dynamic Geometry	Topic 05	Session 5_1	CID:1362920846354	Ayanna529	Ayanna529	0:00:06	02:11.5		Geogebra:GeoGebra	2013-03-13 14:02:11.522 - Ayanna529 -> updated Point B
Spring 2013 Whitehead	Dynamic Geometry	Topic 05	Session 5_1	CID:1362920846354	Ayanna529	Ayanna529	0:00:01	02:13.3		Geogebra:GeoGebra	2013-03-13 14:02:13.343 - Ayanna529 -> updated Point C
Spring 2013 Whitehead	Dynamic Geometry	Topic 05	Session 5_1	CID:1362920846354	Ayanna529	Ayanna529	0:00:21	02:34.7		Geogebra:GeoGebra	2013-03-13 14:02:34.658 - Ayanna529 -> updated Point A
Spring 2013 Whitehead	Dynamic Geometry	Topic 05	Session 5_1	CID:1362920846354	Ayanna529	Ayanna529	0:00:03	02:48.6	0:00:03	chat	2013-03-13 14:02:48.582 - Ayanna529 -> Jaki your turn
Spring 2013 Whitehead	Dynamic Geometry	Topic 05	Session 5_1	CID:1362920846354	JSCcrews620	Ayanna529	0:00:33	03:22.7	0:00:33	chat	2013-03-13 14:03:22.710 - JSCcrews620 -> why do you think the points act the way they do? State all findings.
Spring 2013 Whitehead	Dynamic Geometry	Topic 05	Session 5_1	CID:1362920846354	Ayanna529	JSCcrews620	0:00:12	03:34.7		Geogebra:GeoGebra	2013-03-13 14:03:34.736 - Ayanna529 -> tool changed to Move Graphics View
Spring 2013 Whitehead	Dynamic Geometry	Topic 05	Session 5_1	CID:1362920846354	Ayanna529	Ayanna529	0:03:02	07:22.4	0:03:02	chat	2013-03-13 14:07:22.383 - Ayanna529 -> The points act the way that they because they will remain parallel nomater what whay i move the points. Point C doesnot move side to side but only up and down keeping the segment its original size. When I move points A and D the segments can move all around but staying parallel.
Spring 2013 Whitehead	Dynamic Geometry	Topic 05	Session 5_1	CID:1362920846354	Nyamekye Ghanian Queen	Ayanna529	0:00:50	07:01.0	0:00:50	chat	2013-03-13 14:07:00.978 - Nyamekye Ghanian Queen -> because they are parrallel they move together
Spring 2013 Whitehead	Dynamic Geometry	Topic 05	Session 5_1	CID:1362920846354	JSCcrews620	Nyamekye Ghanian Queen	0:00:06	06:19.0	0:00:06	awareness	2013-03-13 14:06:18.973 - JSCcrews620 -> [fully erased the chat message]
Spring 2013 Whitehead	Dynamic Geometry	Topic 05	Session 5_1	CID:1362920846354	gabyyy_xoxo	JSCcrews620	0:00:10	07:25.8	0:00:10	awareness	2013-03-13 14:07:25.848 - gabyyy_xoxo -> [fully erased the chat message]
Spring 2013 Whitehead	Dynamic Geometry	Topic 05	Session 5_1	CID:1362920846354	Ayanna529	gabyyy_xoxo	0:00:04	08:21.6	0:00:04	chat	2013-03-13 14:08:21.600 - Ayanna529 -> Summarizer.
Spring 2013 Whitehead	Dynamic Geometry	Topic 05	Session 5_1	CID:1362920846354	Ayanna529	Ayanna529	0:00:01	08:23.0		system	2013-03-13 14:08:23.040 - Ayanna529 -> Now viewing tab Summary
Spring 2013 Whitehead	Dynamic Geometry	Topic 05	Session 5_1	CID:1362920846354	Nyamekye Ghanian Queen	Ayanna529	0:00:07	08:35.3	0:00:07	chat	2013-03-13 14:08:35.255 - Nyamekye Ghanian Queen -> Gaby it is your turn to summarize
Spring 2013 Whitehead	Dynamic Geometry	Topic 05	Session 5_1	CID:1362920846354	gabyyy_xoxo	Nyamekye Ghanian Queen	0:0:-4	08:30.4		system	2013-03-13 14:08:30.394 - gabyyy_xoxo -> Now viewing tab Summary
Spring 2013 Whitehead	Dynamic Geometry	Topic 05	Session 5_1	CID:1362920846354	Ayanna529	gabyyy_xoxo	0:00:09	08:43.3	0:00:09	chat	2013-03-13 14:08:43.349 - Ayanna529 -> put it in a text box please.
Spring 2013 Whitehead	Dynamic Geometry	Topic 05	Session 5_1	CID:1362920846354	Nyamekye Ghanian Queen	Ayanna529	0:0:-6	08:37.2		system	2013-03-13 14:08:37.222 - Nyamekye Ghanian Queen -> Now viewing tab Summary
Spring 2013 Whitehead	Dynamic Geometry	Topic 05	Session 5_1	CID:1362920846354	gabyyy_xoxo	Nyamekye Ghanian Queen	0:00:01	09:01.2	0:00:01	awareness	2013-03-13 14:09:01.223 - gabyyy_xoxo -> [fully erased the chat message]
Spring 2013 Whitehead	Dynamic Geometry	Topic 05	Session 5_1	CID:1362920846354	gabyyy_xoxo	gabyyy_xoxo	0:00:00	10:32.6	0:00:00	awareness	2013-03-13 14:10:32.613 - gabyyy_xoxo -> [fully erased the chat message]
Spring 2013 Whitehead	Dynamic Geometry	Topic 05	Session 5_1	CID:1362920846354	gabyyy_xoxo	gabyyy_xoxo	0:02:35	13:13.3	0:02:35	awareness	2013-03-13 14:13:13.269 - gabyyy_xoxo -> [fully erased the chat message]
Spring 2013 Whitehead	Dynamic Geometry	Topic 05	Session 5_1	CID:1362920846354	JSCcrews620	gabyyy_xoxo	0:-2:-5	11:07.4		system	2013-03-13 14:11:07.449 - JSCcrews620 -> Now viewing tab Summary
Spring 2013 Whitehead	Dynamic Geometry	Topic 05	Session 5_1	CID:1362920846354	Ayanna529	JSCcrews620	0:00:04	11:34.9	0:00:04	chat	2013-03-13 14:11:34.886 - Ayanna529 -> In a text box Gaby.
Spring 2013 Whitehead	Dynamic Geometry	Topic 05	Session 5_1	CID:1362920846354	JSCcrews620	Ayanna529	0:00:05	11:52.7	0:00:05	chat	2013-03-13 14:11:52.697 - JSCcrews620 -> take control girl
Spring 2013 Whitehead	Dynamic Geometry	Topic 05	Session 5_1	CID:1362920846354	Nyamekye Ghanian Queen	JSCcrews620	0:00:13	12:26.6	0:00:13	chat	2013-03-13 14:12:26.580 - Nyamekye Ghanian Queen -> we are running over time by a lot
Spring 2013 Whitehead	Dynamic Geometry	Topic 05	Session 5_1	CID:1362920846354	Ayanna529	Nyamekye Ghanian Queen	0:00:05	12:40.9	0:00:05	chat	2013-03-13 14:12:40.931 - Ayanna529 -> Alright, we need to hurry.
Spring 2013 Whitehead	Dynamic Geometry	Topic 05	Session 5_1	CID:1362920846354	gabyyy_xoxo	Ayanna529	0:01:20	14:33.6	0:01:20	chat	2013-03-13 14:14:33.572 - gabyyy_xoxo -> So in part two \ 
Spring 2013 Whitehead	Dynamic Geometry	Topic 05	Session 5_1	CID:1362920846354	JSCcrews620	gabyyy_xoxo	0:00:06	14:13.5	0:00:06	chat	2013-03-13 14:14:13.526 - JSCcrews620 -> gaby what are you doin?
Spring 2013 Whitehead	Dynamic Geometry	Topic 05	Session 5_1	CID:1362920846354	gabyyy_xoxo	JSCcrews620	0:00:37	15:17.0	0:00:37	awareness	2013-03-13 14:15:16.994 - gabyyy_xoxo -> [fully erased the chat message]
Spring 2013 Whitehead	Dynamic Geometry	Topic 05	Session 5_1	CID:1362920846354	gabyyy_xoxo	gabyyy_xoxo	0:00:01	15:18.2		Geogebra:Summary	2013-03-13 14:15:18.224 - gabyyy_xoxo -> tool changed to Move
Spring 2013 Whitehead	Dynamic Geometry	Topic 05	Session 5_1	CID:1362920846354	gabyyy_xoxo	gabyyy_xoxo	0:00:04	15:22.3		Geogebra:Summary	2013-03-13 14:15:22.299 - gabyyy_xoxo -> tool changed to Move
Spring 2013 Whitehead	Dynamic Geometry	Topic 05	Session 5_1	CID:1362920846354	gabyyy_xoxo	gabyyy_xoxo	0:00:29	15:51.4		Geogebra:Summary	2013-03-13 14:15:51.356 - gabyyy_xoxo -> tool changed to Insert Text
Spring 2013 Whitehead	Dynamic Geometry	Topic 05	Session 5_1	CID:1362920846354	gabyyy_xoxo	gabyyy_xoxo	0:00:01	15:53.3		Geogebra:Summary	2013-03-13 14:15:53.261 - gabyyy_xoxo -> tool changed to Select Object
Spring 2013 Whitehead	Dynamic Geometry	Topic 05	Session 5_1	CID:1362920846354	gabyyy_xoxo	gabyyy_xoxo	0:00:07	16:00.7		Geogebra:Summary	2013-03-13 14:16:00.690 - gabyyy_xoxo -> tool changed to Insert Text
Spring 2013 Whitehead	Dynamic Geometry	Topic 05	Session 5_1	CID:1362920846354	gabyyy_xoxo	gabyyy_xoxo	0:00:01	16:02.1		Geogebra:Summary	2013-03-13 14:16:02.079 - gabyyy_xoxo -> tool changed to Select Object
Spring 2013 Whitehead	Dynamic Geometry	Topic 05	Session 5_1	CID:1362920846354	gabyyy_xoxo	gabyyy_xoxo	0:00:00	16:02.1		Geogebra:Summary	2013-03-13 14:16:02.080 - gabyyy_xoxo -> tool changed to Select Object
Spring 2013 Whitehead	Dynamic Geometry	Topic 05	Session 5_1	CID:1362920846354	gabyyy_xoxo	gabyyy_xoxo	0:00:40	16:42.8		Geogebra:Summary	2013-03-13 14:16:42.849 - gabyyy_xoxo -> tool changed to Insert Text
Spring 2013 Whitehead	Dynamic Geometry	Topic 05	Session 5_1	CID:1362920846354	gabyyy_xoxo	gabyyy_xoxo	0:00:01	16:44.2		Geogebra:Summary	2013-03-13 14:16:44.197 - gabyyy_xoxo -> tool changed to Select Object
Spring 2013 Whitehead	Dynamic Geometry	Topic 05	Session 5_1	CID:1362920846354	gabyyy_xoxo	gabyyy_xoxo	0:00:00	16:44.2		Geogebra:Summary	2013-03-13 14:16:44.199 - gabyyy_xoxo -> tool changed to Select Object
Spring 2013 Whitehead	Dynamic Geometry	Topic 05	Session 5_1	CID:1362920846354	gabyyy_xoxo	gabyyy_xoxo	0:00:00	16:44.2		Geogebra:Summary	2013-03-13 14:16:44.201 - gabyyy_xoxo -> tool changed to Select Object
Spring 2013 Whitehead	Dynamic Geometry	Topic 05	Session 5_1	CID:1362920846354	gabyyy_xoxo	gabyyy_xoxo	0:01:29	18:13.5		Geogebra:Summary	2013-03-13 14:18:13.480 - gabyyy_xoxo -> added text:Text text1
Spring 2013 Whitehead	Dynamic Geometry	Topic 05	Session 5_1	CID:1362920846354	gabyyy_xoxo	gabyyy_xoxo	0:00:00	18:13.5		Geogebra:Summary	2013-03-13 14:18:13.506 - gabyyy_xoxo -> tool changed to Move
Spring 2013 Whitehead	Dynamic Geometry	Topic 05	Session 5_1	CID:1362920846354	gabyyy_xoxo	gabyyy_xoxo	0:00:08	18:22.4		Geogebra:Summary	2013-03-13 14:18:22.436 - gabyyy_xoxo -> tool changed to New Point
Spring 2013 Whitehead	Dynamic Geometry	Topic 05	Session 5_1	CID:1362920846354	gabyyy_xoxo	gabyyy_xoxo	0:00:00	18:22.8		Geogebra:Summary	2013-03-13 14:18:22.825 - gabyyy_xoxo -> tool changed to Move
Spring 2013 Whitehead	Dynamic Geometry	Topic 05	Session 5_1	CID:1362920846354	gabyyy_xoxo	gabyyy_xoxo	0:00:02	18:25.0		Geogebra:Summary	2013-03-13 14:18:24.970 - gabyyy_xoxo -> tool changed to Move
Spring 2013 Whitehead	Dynamic Geometry	Topic 05	Session 5_1	CID:1362920846354	gabyyy_xoxo	gabyyy_xoxo	0:00:01	18:26.4		Geogebra:Summary	2013-03-13 14:18:26.359 - gabyyy_xoxo -> tool changed to Move
Spring 2013 Whitehead	Dynamic Geometry	Topic 05	Session 5_1	CID:1362920846354	Ayanna529	gabyyy_xoxo	0:00:08	18:37.2	0:00:08	awareness	2013-03-13 14:18:37.223 - Ayanna529 -> [fully erased the chat message]
Spring 2013 Whitehead	Dynamic Geometry	Topic 05	Session 5_1	CID:1362920846354	Nyamekye Ghanian Queen	Ayanna529	0:00:06	18:36.7	0:00:06	chat	2013-03-13 14:18:36.687 - Nyamekye Ghanian Queen -> okay so nowon to part 3
Spring 2013 Whitehead	Dynamic Geometry	Topic 05	Session 5_1	CID:1362920846354	gabyyy_xoxo	Nyamekye Ghanian Queen	0:0:-5	18:30.8		Geogebra:Summary	2013-03-13 14:18:30.777 - gabyyy_xoxo -> tool changed to Move Graphics View
Spring 2013 Whitehead	Dynamic Geometry	Topic 05	Session 5_1	CID:1362920846354	gabyyy_xoxo	gabyyy_xoxo	0:00:08	18:38.9		system	2013-03-13 14:18:38.914 - gabyyy_xoxo -> Now viewing tab GeoGebra
Spring 2013 Whitehead	Dynamic Geometry	Topic 05	Session 5_1	CID:1362920846354	JSCcrews620	gabyyy_xoxo	0:00:07	18:46.1		system	2013-03-13 14:18:46.148 - JSCcrews620 -> Now viewing tab GeoGebra
Spring 2013 Whitehead	Dynamic Geometry	Topic 05	Session 5_1	CID:1362920846354	Ayanna529	JSCcrews620	0:00:00	18:46.2		system	2013-03-13 14:18:46.153 - Ayanna529 -> Now viewing tab GeoGebra
Spring 2013 Whitehead	Dynamic Geometry	Topic 05	Session 5_1	CID:1362920846354	Ayanna529	Ayanna529	0:00:08	18:56.0	0:00:08	chat	2013-03-13 14:18:55.978 - Ayanna529 -> I'm the facilitator
Spring 2013 Whitehead	Dynamic Geometry	Topic 05	Session 5_1	CID:1362920846354	Nyamekye Ghanian Queen	Ayanna529	0:0:-6	18:49.8		system	2013-03-13 14:18:49.758 - Nyamekye Ghanian Queen -> Now viewing tab GeoGebra
Spring 2013 Whitehead	Dynamic Geometry	Topic 05	Session 5_1	CID:1362920846354	gabyyy_xoxo	Nyamekye Ghanian Queen	0:00:04	18:55.7	0:00:04	chat	2013-03-13 14:18:55.710 - gabyyy_xoxo -> im the timer
Spring 2013 Whitehead	Dynamic Geometry	Topic 05	Session 5_1	CID:1362920846354	Nyamekye Ghanian Queen	gabyyy_xoxo	0:00:04	19:05.1	0:00:04	chat	2013-03-13 14:19:05.107 - Nyamekye Ghanian Queen -> I am the controller
Spring 2013 Whitehead	Dynamic Geometry	Topic 05	Session 5_1	CID:1362920846354	JSCcrews620	Nyamekye Ghanian Queen	0:00:22	19:28.1	0:00:22	chat	2013-03-13 14:19:28.107 - JSCcrews620 -> i'm the summarizer
Spring 2013 Whitehead	Dynamic Geometry	Topic 05	Session 5_1	CID:1362920846354	Nyamekye Ghanian Queen	JSCcrews620	0:0:-14	19:13.2		Geogebra:GeoGebra	2013-03-13 14:19:13.231 - Nyamekye Ghanian Queen -> tool changed to Move
Spring 2013 Whitehead	Dynamic Geometry	Topic 05	Session 5_1	CID:1362920846354	Nyamekye Ghanian Queen	Nyamekye Ghanian Queen	0:00:08	19:21.5		Geogebra:GeoGebra	2013-03-13 14:19:21.537 - Nyamekye Ghanian Queen -> tool changed to Line through Two Points
Spring 2013 Whitehead	Dynamic Geometry	Topic 05	Session 5_1	CID:1362920846354	Nyamekye Ghanian Queen	Nyamekye Ghanian Queen	0:00:12	19:34.4		Geogebra:GeoGebra	2013-03-13 14:19:34.419 - Nyamekye Ghanian Queen -> tool changed to Segment between Two Points
Spring 2013 Whitehead	Dynamic Geometry	Topic 05	Session 5_1	CID:1362920846354	Nyamekye Ghanian Queen	Nyamekye Ghanian Queen	0:00:02	19:36.9		Geogebra:GeoGebra	2013-03-13 14:19:36.904 - Nyamekye Ghanian Queen -> added point:Point E
Spring 2013 Whitehead	Dynamic Geometry	Topic 05	Session 5_1	CID:1362920846354	Nyamekye Ghanian Queen	Nyamekye Ghanian Queen	0:00:06	19:43.8		Geogebra:GeoGebra	2013-03-13 14:19:43.849 - Nyamekye Ghanian Queen -> added point:Point F
Spring 2013 Whitehead	Dynamic Geometry	Topic 05	Session 5_1	CID:1362920846354	Nyamekye Ghanian Queen	Nyamekye Ghanian Queen	0:00:00	19:44.0		Geogebra:GeoGebra	2013-03-13 14:19:43.954 - Nyamekye Ghanian Queen -> added segment h
Spring 2013 Whitehead	Dynamic Geometry	Topic 05	Session 5_1	CID:1362920846354	Nyamekye Ghanian Queen	Nyamekye Ghanian Queen	0:00:35	20:19.7		Geogebra:GeoGebra	2013-03-13 14:20:19.675 - Nyamekye Ghanian Queen -> added segment h
Spring 2013 Whitehead	Dynamic Geometry	Topic 05	Session 5_1	CID:1362920846354	Nyamekye Ghanian Queen	Nyamekye Ghanian Queen	0:00:24	20:43.9		Geogebra:GeoGebra	2013-03-13 14:20:43.858 - Nyamekye Ghanian Queen -> added point:Point F
Spring 2013 Whitehead	Dynamic Geometry	Topic 05	Session 5_1	CID:1362920846354	Nyamekye Ghanian Queen	Nyamekye Ghanian Queen	0:00:04	20:48.5		Geogebra:GeoGebra	2013-03-13 14:20:48.524 - Nyamekye Ghanian Queen -> updated group of objects A,B
Spring 2013 Whitehead	Dynamic Geometry	Topic 05	Session 5_1	CID:1362920846354	Nyamekye Ghanian Queen	Nyamekye Ghanian Queen	0:00:03	20:52.0		Geogebra:GeoGebra	2013-03-13 14:20:52.013 - Nyamekye Ghanian Queen -> added segment h
Spring 2013 Whitehead	Dynamic Geometry	Topic 05	Session 5_1	CID:1362920846354	Nyamekye Ghanian Queen	Nyamekye Ghanian Queen	0:00:06	20:58.4		Geogebra:GeoGebra	2013-03-13 14:20:58.447 - Nyamekye Ghanian Queen -> tool changed to Segment between Two Points
Spring 2013 Whitehead	Dynamic Geometry	Topic 05	Session 5_1	CID:1362920846354	Nyamekye Ghanian Queen	Nyamekye Ghanian Queen	0:00:04	21:03.3		Geogebra:GeoGebra	2013-03-13 14:21:03.267 - Nyamekye Ghanian Queen -> added segment h
Spring 2013 Whitehead	Dynamic Geometry	Topic 05	Session 5_1	CID:1362920846354	Nyamekye Ghanian Queen	Nyamekye Ghanian Queen	0:00:14	21:17.8		Geogebra:GeoGebra	2013-03-13 14:21:17.792 - Nyamekye Ghanian Queen -> tool changed to Segment between Two Points
Spring 2013 Whitehead	Dynamic Geometry	Topic 05	Session 5_1	CID:1362920846354	Nyamekye Ghanian Queen	Nyamekye Ghanian Queen	0:00:02	21:20.1		Geogebra:GeoGebra	2013-03-13 14:21:20.140 - Nyamekye Ghanian Queen -> added segment k
Spring 2013 Whitehead	Dynamic Geometry	Topic 05	Session 5_1	CID:1362920846354	Nyamekye Ghanian Queen	Nyamekye Ghanian Queen	0:00:13	21:33.7		Geogebra:GeoGebra	2013-03-13 14:21:33.682 - Nyamekye Ghanian Queen -> added segment l
Spring 2013 Whitehead	Dynamic Geometry	Topic 05	Session 5_1	CID:1362920846354	Nyamekye Ghanian Queen	Nyamekye Ghanian Queen	0:00:02	21:35.8		Geogebra:GeoGebra	2013-03-13 14:21:35.846 - Nyamekye Ghanian Queen -> tool changed to Move
Spring 2013 Whitehead	Dynamic Geometry	Topic 05	Session 5_1	CID:1362920846354	Nyamekye Ghanian Queen	Nyamekye Ghanian Queen	0:00:30	22:06.2		Geogebra:GeoGebra	2013-03-13 14:22:06.174 - Nyamekye Ghanian Queen -> tool changed to Segment between Two Points
Spring 2013 Whitehead	Dynamic Geometry	Topic 05	Session 5_1	CID:1362920846354	Nyamekye Ghanian Queen	Nyamekye Ghanian Queen	0:00:04	22:10.3		Geogebra:GeoGebra	2013-03-13 14:22:10.310 - Nyamekye Ghanian Queen -> added segment m
Spring 2013 Whitehead	Dynamic Geometry	Topic 05	Session 5_1	CID:1362920846354	Nyamekye Ghanian Queen	Nyamekye Ghanian Queen	0:00:15	25:41.2	0:00:15	chat	2013-03-13 14:25:41.190 - Nyamekye Ghanian Queen -> OKay guys we are skipping part 3
Spring 2013 Whitehead	Dynamic Geometry	Topic 05	Session 5_1	CID:1362920846354	Nyamekye Ghanian Queen	Nyamekye Ghanian Queen	0:0:-1	25:39.7		Geogebra:GeoGebra	2013-03-13 14:25:39.693 - Nyamekye Ghanian Queen -> tool changed to Move Graphics View
Spring 2013 Whitehead	Dynamic Geometry	Topic 05	Session 5_1	CID:1362920846354	JSCcrews620	Nyamekye Ghanian Queen	0:00:02	25:48.0	0:00:02	chat	2013-03-13 14:25:48.037 - JSCcrews620 -> ok
Spring 2013 Whitehead	Dynamic Geometry	Topic 05	Session 5_1	CID:1362920846354	gabyyy_xoxo	JSCcrews620	0:00:01	25:46.6	0:00:01	chat	2013-03-13 14:25:46.618 - gabyyy_xoxo -> kaaay
Spring 2013 Whitehead	Dynamic Geometry	Topic 05	Session 5_1	CID:1362920846354	Ayanna529	gabyyy_xoxo	0:00:07	25:54.6	0:00:07	chat	2013-03-13 14:25:54.618 - Ayanna529 -> Alright
Spring 2013 Whitehead	Dynamic Geometry	Topic 05	Session 5_1	CID:1362920846354	Ayanna529	Ayanna529	0:00:04	27:39.1	0:00:04	chat	2013-03-13 14:27:39.092 - Ayanna529 -> Im the summarizer
Spring 2013 Whitehead	Dynamic Geometry	Topic 05	Session 5_1	CID:1362920846354	Nyamekye Ghanian Queen	Ayanna529	0:00:11	27:56.2	0:00:11	chat	2013-03-13 14:27:56.151 - Nyamekye Ghanian Queen -> I am the facilitator
Spring 2013 Whitehead	Dynamic Geometry	Topic 05	Session 5_1	CID:1362920846354	gabyyy_xoxo	Nyamekye Ghanian Queen	0:00:02	28:06.0	0:00:02	chat	2013-03-13 14:28:06.018 - gabyyy_xoxo -> controllerrr
Spring 2013 Whitehead	Dynamic Geometry	Topic 05	Session 5_1	CID:1362920846354	gabyyy_xoxo	gabyyy_xoxo	0:00:11	28:17.2		Geogebra:GeoGebra	2013-03-13 14:28:17.232 - gabyyy_xoxo -> tool changed to Move
Spring 2013 Whitehead	Dynamic Geometry	Topic 05	Session 5_1	CID:1362920846354	gabyyy_xoxo	gabyyy_xoxo	0:00:07	28:25.0		Geogebra:GeoGebra	2013-03-13 14:28:24.986 - gabyyy_xoxo -> Geogebra Cleared
Spring 2013 Whitehead	Dynamic Geometry	Topic 05	Session 5_1	CID:1362920846354	gabyyy_xoxo	gabyyy_xoxo	0:00:00	28:25.0		Geogebra:GeoGebra	2013-03-13 14:28:24.990 - gabyyy_xoxo -> tool changed to Move
Spring 2013 Whitehead	Dynamic Geometry	Topic 05	Session 5_1	CID:1362920846354	gabyyy_xoxo	gabyyy_xoxo	0:00:03	28:28.9		Geogebra:GeoGebra	2013-03-13 14:28:28.946 - gabyyy_xoxo -> tool changed to Polygon
Spring 2013 Whitehead	Dynamic Geometry	Topic 05	Session 5_1	CID:1362920846354	gabyyy_xoxo	gabyyy_xoxo	0:00:04	28:33.2		Geogebra:GeoGebra	2013-03-13 14:28:33.237 - gabyyy_xoxo -> added point:Point A
Spring 2013 Whitehead	Dynamic Geometry	Topic 05	Session 5_1	CID:1362920846354	gabyyy_xoxo	gabyyy_xoxo	0:00:01	28:34.3		Geogebra:GeoGebra	2013-03-13 14:28:34.335 - gabyyy_xoxo -> added point:Point B
Spring 2013 Whitehead	Dynamic Geometry	Topic 05	Session 5_1	CID:1362920846354	gabyyy_xoxo	gabyyy_xoxo	0:00:01	28:35.8		Geogebra:GeoGebra	2013-03-13 14:28:35.832 - gabyyy_xoxo -> added point:Point C
Spring 2013 Whitehead	Dynamic Geometry	Topic 05	Session 5_1	CID:1362920846354	gabyyy_xoxo	gabyyy_xoxo	0:00:04	28:40.2		Geogebra:GeoGebra	2013-03-13 14:28:40.152 - gabyyy_xoxo -> tool changed to Move
Spring 2013 Whitehead	Dynamic Geometry	Topic 05	Session 5_1	CID:1362920846354	gabyyy_xoxo	gabyyy_xoxo	0:00:01	28:41.7		Geogebra:GeoGebra	2013-03-13 14:28:41.658 - gabyyy_xoxo -> tool changed to Move
Spring 2013 Whitehead	Dynamic Geometry	Topic 05	Session 5_1	CID:1362920846354	gabyyy_xoxo	gabyyy_xoxo	0:00:00	28:42.5		Geogebra:GeoGebra	2013-03-13 14:28:42.530 - gabyyy_xoxo -> tool changed to Polygon
Spring 2013 Whitehead	Dynamic Geometry	Topic 05	Session 5_1	CID:1362920846354	Nyamekye Ghanian Queen	gabyyy_xoxo	0:01:00	29:45.0	0:01:00	chat	2013-03-13 14:29:44.990 - Nyamekye Ghanian Queen -> Okay bye 
Spring 2013 Whitehead	Dynamic Geometry	Topic 05	Session 5_1	CID:1362920846354	gabyyy_xoxo	Nyamekye Ghanian Queen	0:0:-56	28:48.4		Geogebra:GeoGebra	2013-03-13 14:28:48.383 - gabyyy_xoxo -> added polygon poly1
Spring 2013 Whitehead	Dynamic Geometry	Topic 05	Session 5_1	CID:1362920846354	gabyyy_xoxo	gabyyy_xoxo	0:00:02	28:50.9		Geogebra:GeoGebra	2013-03-13 14:28:50.897 - gabyyy_xoxo -> tool changed to Move
Spring 2013 Whitehead	Dynamic Geometry	Topic 05	Session 5_1	CID:1362920846354	gabyyy_xoxo	gabyyy_xoxo	0:00:01	28:52.6		Geogebra:GeoGebra	2013-03-13 14:28:52.644 - gabyyy_xoxo -> updated group of objects A,B,C
Spring 2013 Whitehead	Dynamic Geometry	Topic 05	Session 5_1	CID:1362920846354	gabyyy_xoxo	gabyyy_xoxo	0:00:02	28:55.0		Geogebra:GeoGebra	2013-03-13 14:28:54.961 - gabyyy_xoxo -> updated Point A
Spring 2013 Whitehead	Dynamic Geometry	Topic 05	Session 5_1	CID:1362920846354	gabyyy_xoxo	gabyyy_xoxo	0:00:02	28:57.1		Geogebra:GeoGebra	2013-03-13 14:28:57.126 - gabyyy_xoxo -> updated Point B
Spring 2013 Whitehead	Dynamic Geometry	Topic 05	Session 5_1	CID:1362920846354	gabyyy_xoxo	gabyyy_xoxo	0:00:05	29:02.4		Geogebra:GeoGebra	2013-03-13 14:29:02.363 - gabyyy_xoxo -> updated Point C
Spring 2013 Whitehead	Dynamic Geometry	Topic 05	Session 5_1	CID:1362920846354	Ayanna529	gabyyy_xoxo	0:00:04	29:15.0	0:00:04	chat	2013-03-13 14:29:15.036 - Ayanna529 -> Bye everyone
Spring 2013 Whitehead	Dynamic Geometry	Topic 05	Session 5_1	CID:1362920846354	Ayanna529	Ayanna529	0:00:04	29:19.8		system	2013-03-13 14:29:19.758 - Ayanna529 -> leaves the room
Spring 2013 Whitehead	Dynamic Geometry	Topic 05	Session 5_1	CID:1362920846354	gabyyy_xoxo	Ayanna529	0:00:00	29:20.8	0:00:00	chat	2013-03-13 14:29:20.835 - gabyyy_xoxo -> byye
Spring 2013 Whitehead	Dynamic Geometry	Topic 05	Session 5_1	CID:1362920846354	gabyyy_xoxo	gabyyy_xoxo	0:00:00	29:21.3	0:00:00	chat	2013-03-13 14:29:21.266 - gabyyy_xoxo -> ee
Spring 2013 Whitehead	Dynamic Geometry	Topic 05	Session 5_1	CID:1362920846354	gabyyy_xoxo	gabyyy_xoxo	0:00:00	29:27.2	0:00:00	chat	2013-03-13 14:29:27.164 - gabyyy_xoxo -> 0
Spring 2013 Whitehead	Dynamic Geometry	Topic 05	Session 5_1	CID:1362920846354	gabyyy_xoxo	gabyyy_xoxo	0:00:02	29:30.4	0:00:02	chat	2013-03-13 14:29:30.374 - gabyyy_xoxo -> .
Spring 2013 Whitehead	Dynamic Geometry	Topic 05	Session 5_1	CID:1362920846354	gabyyy_xoxo	gabyyy_xoxo	0:00:15	29:45.8		Geogebra:GeoGebra	2013-03-13 14:29:45.828 - gabyyy_xoxo -> tool changed to Move Graphics View
Spring 2013 Whitehead	Dynamic Geometry	Topic 05	Session 5_1	CID:1362920846354	gabyyy_xoxo	gabyyy_xoxo	0:00:00	29:46.0		system	2013-03-13 14:29:45.969 - gabyyy_xoxo -> leaves the room
Spring 2013 Whitehead	Dynamic Geometry	Topic 05	Session 5_1	CID:1362920846354	Nyamekye Ghanian Queen	gabyyy_xoxo	0:00:01	29:47.4		system	2013-03-13 14:29:47.365 - Nyamekye Ghanian Queen -> leaves the room
Spring 2013 Whitehead	Dynamic Geometry	Topic 05	Session 5_1	CID:1362920846354	JSCcrews620	Nyamekye Ghanian Queen	0:00:12	30:00.3		system	2013-03-13 14:30:00.338 - JSCcrews620 -> leaves the room
Spring 2013 Whitehead	Dynamic Geometry	Topic 05	Session 5_1	CID:1362920846354	Ayanna529	JSCcrews620	671:14:23	44:23.6		system	2013-04-10 13:44:23.644 - Ayanna529 -> joins the room
Spring 2013 Whitehead	Dynamic Geometry	Topic 05	Session 5_1	CID:1362920846354	Ayanna529	Ayanna529	0:00:48	45:12.4		system	2013-04-10 13:45:12.450 - Ayanna529 -> leaves the room
